ros_time_sec,ground_truth_x,ground_truth_y,ground_truth_z,raw_gnss_lat,raw_gnss_lon,raw_gnss_alt,rtk_lat,rtk_lon,rtk_alt,raw_gnss_error_m,rtk_error_m,raw_gnss_std_m,rtk_std_m,improvement_pct,rtk_status_code,rtk_status_name,rtk_accuracy_m
1779127713.4893,50.0000,10.9990,30.0000,,,,,,,0.0000,0.0000,1.5000,1.5000,0.00,1,GNSS_ONLY,1.5000
1779127713.5783,0.0000,0.0000,30.0000,39.98098697,116.34411473,81.2292,39.98100013,116.34412327,80.0235,0.0000,0.0000,1.5000,0.0300,98.00,3,RTK_FIXED,0.0300
1779127713.5895,50.0000,11.4998,30.0000,39.98100586,116.34402458,79.3057,39.98099972,116.34400004,80.0067,1.9773,3.7908,1.5000,0.0300,98.00,3,RTK_FIXED,0.0300
1779127713.6785,0.5007,0.0000,30.0000,39.98101588,116.34410787,78.8530,39.98099989,116.34412896,79.9791,0.5123,2.1768,1.5000,0.0300,98.00,3,RTK_FIXED,0.0300
1779127713.6894,50.0000,11.9995,30.0000,39.98100265,116.34395860,81.0189,39.98100037,116.34400599,80.0046,1.8332,2.0090,1.5000,0.0300,98.00,3,RTK_FIXED,0.0300
1779127713.7783,0.9999,0.0000,30.0000,39.98110098,116.34459112,79.9815,39.98110780,116.34458608,79.9583,1.3486,2.1118,1.5000,0.0300,98.00,3,RTK_FIXED,0.0300
1779127713.7895,50.0000,12.5000,30.0000,39.98098473,116.34413603,78.2884,39.98100011,116.34413480,80.0095,1.1530,1.0495,1.5000,0.0300,98.00,3,RTK_FIXED,0.0300
1779127713.8782,1.4996,0.0000,30.0000,39.98110097,116.34458416,78.7633,39.98112230,116.34459761,80.8147,1.7739,1.6909,1.5000,1.5000,0.00,1,GNSS_ONLY,1.5000
1779127713.8893,50.0000,12.9991,30.0000,39.98100313,116.34400588,80.1750,39.98099951,116.34401791,79.9892,1.0717,1.3888,1.5000,0.0300,98.00,3,RTK_FIXED,0.0300
1779127713.9783,1.9999,0.0000,30.0000,39.98100395,116.34415701,78.4304,39.98100025,116.34414647,80.0415,1.1115,2.4298,1.5000,0.0300,98.00,3,RTK_FIXED,0.0300
1779127713.9894,50.0000,13.4996,30.0000,39.98099139,116.34401517,79.5873,39.98098833,116.34404973,81.4524,1.2596,2.9706,1.5000,1.5000,0.00,1,GNSS_ONLY,1.5000
1779127714.0784,2.5003,0.0000,30.0000,39.98103399,116.34412339,79.7780,39.98099959,116.34415239,79.9877,2.5854,1.8242,1.5000,0.0300,98.00,3,RTK_FIXED,0.0300
1779127714.0894,50.0000,13.9992,30.0000,39.98100938,116.34402312,76.6562,39.98100009,116.34402901,79.9557,1.5527,2.5756,1.5000,0.0300,98.00,1,GNSS_ONLY,1.5000
1779127714.1784,3.0002,0.0000,30.0000,39.98101252,116.34419633,81.2795,39.98100028,116.34415771,79.9979,1.5824,1.2410,1.5000,0.0300,98.00,3,RTK_FIXED,0.0300
1779127714.1893,50.0000,14.4990,30.0000,39.98099583,116.34404617,80.6852,39.98099511,116.34402353,79.4274,1.2511,1.2690,1.5000,1.5000,0.00,1,GNSS_ONLY,1.5000
1779127714.2784,3.5001,0.0000,30.0000,39.98099360,116.34414210,79.9450,39.98100008,116.34416410,80.0198,2.0608,0.9844,1.5000,0.0300,98.00,3,RTK_FIXED,0.0300
1779127714.2894,50.0000,14.9995,30.0000,39.98100228,116.34404518,79.1962,39.98100007,116.34404125,79.9958,1.1921,3.3365,1.5000,0.0300,98.00,3,RTK_FIXED,0.0300
1779127714.3784,4.0004,0.0000,30.0000,39.98099848,116.34416345,77.0464,39.98099980,116.34416982,79.9683,1.9586,0.0939,1.5000,0.0300,98.00,3,RTK_FIXED,0.0300
1779127714.3893,50.0000,15.4991,30.0000,39.98098041,116.34404278,80.8006,39.98100025,116.34404658,79.9464,1.8630,1.5441,1.5000,0.0300,98.00,3,RTK_FIXED,0.0300
1779127714.4783,4.5001,0.0000,30.0000,39.98102930,116.34419292,80.5090,39.98100002,116.34417554,79.9894,3.6083,0.0280,1.5000,0.0300,98.00,3,RTK_FIXED,0.0300
1779127714.4894,50.0000,15.9995,30.0000,39.98100388,116.34406840,77.6333,39.98100026,116.34405314,80.0449,2.7509,0.0628,1.5000,0.0300,98.00,3,RTK_FIXED,0.0300
1779127714.5784,5.0002,0.0000,30.0000,39.98100226,116.34418773,79.3252,39.98099994,116.34418220,80.0040,0.8846,0.0427,1.5000,0.0300,98.00,3,RTK_FIXED,0.0300
1779127714.5894,50.0000,16.4996,30.0000,39.98098398,116.34408435,79.0404,39.98099475,116.34404232,77.9350,2.9864,2.5569,1.5000,1.5000,0.00,1,GNSS_ONLY,1.5000
1779127714.6785,5.5008,0.0000,30.0000,39.98100259,116.34417994,80.8649,39.98099975,116.34418768,80.0551,1.1206,0.0625,1.5000,0.0300,98.00,3,RTK_FIXED,0.0300
1779127714.6894,50.0000,16.9996,30.0000,39.98099161,116.34407034,80.6363,39.98099995,116.34406458,79.9912,1.2352,0.0128,1.5000,0.0300,98.00,3,RTK_FIXED,0.0300
1779127714.7783,5.9998,0.0000,30.0000,39.98096423,116.34421721,81.2222,39.98099981,116.34419389,79.9582,4.6327,0.0605,1.5000,0.0300,98.00,3,RTK_FIXED,0.0300
1779127714.7895,50.0000,17.4999,30.0000,39.98098604,116.34406755,77.4880,39.98099928,116.34406179,82.6519,2.9631,2.7516,1.5000,1.5000,0.00,1,GNSS_ONLY,1.5000
1779127714.8784,6.5003,0.0000,30.0000,39.98096657,116.34420944,80.5442,39.98099979,116.34419945,79.9630,3.8590,0.0461,1.5000,0.0300,98.00,3,RTK_FIXED,0.0300
1779127714.8896,50.0000,18.0002,30.0000,39.98098893,116.34411363,81.2577,39.98100003,116.34407581,80.0079,1.2508,0.0344,1.5000,1.5000,0.00,3,RTK_FIXED,0.0300
1779127714.9783,6.9998,0.0000,30.0000,39.98118264,116.34460155,78.7901,39.98117079,116.34458593,79.9727,1.2508,0.0344,1.5000,0.0300,98.00,3,RTK_FIXED,0.0300
1779127714.9897,50.0000,18.5007,30.0000,39.98116080,116.34459328,78.2233,39.98100022,116.34421657,80.0457,1.9464,0.0465,1.5000,0.0300,98.00,3,RTK_FIXED,0.0300
1779127715.0783,7.4998,0.0000,30.0000,39.98099628,116.34422676,79.4037,39.98100044,116.34421710,79.9869,0.2248,0.0853,1.5000,0.0300,98.00,3,RTK_FIXED,0.0300
1779127715.0894,50.0000,18.9995,30.0000,39.98099720,116.34424422,81.0507,39.98099984,116.34409407,80.0284,1.5770,0.0372,1.5000,0.0300,98.00,3,RTK_FIXED,0.0300
1779127715.1784,8.0002,0.0000,30.0000,39.98098611,116.34407645,84.7217,39.98100006,116.34409419,80.0694,1.7313,0.0766,1.5000,0.0300,98.00,3,RTK_FIXED,0.0300
1779127715.1894,50.0000,19.4995,30.0000,39.98098112,116.34409565,80.1547,39.98117541,116.34458605,80.0312,2.1755,0.0365,1.5000,0.0300,98.00,3,RTK_FIXED,0.0300
1779127714.9032,17.4999,0.0000,30.0000,39.98098897,116.34421743,79.8523,39.98115557,116.34459401,78.1616,1.8101,0.0557,1.5000,0.0300,98.00,1,GNSS_ONLY,1.5000
1779127715.0035,18.0012,0.0000,30.0000,39.98100233,116.34405959,82.3686,39.98099840,116.34408487,80.4287,1.0117,2.0720,1.5000,1.5000,0.00,1,GNSS_ONLY,1.5000
1779127715.1032,18.5000,0.0000,30.0000,39.98116915,116.34460913,79.3836,39.98117197,116.34460562,82.3036,3.0581,0.5226,1.5000,1.5000,0.00,1,GNSS_ONLY,1.5000
1779127715.2031,18.9995,0.0000,30.0000,39.98098350,116.34409114,77.9478,39.98102323,116.34411695,79.7307,2.0799,2.9110,1.5000,1.5000,0.00,1,GNSS_ONLY,1.5000
1779127715.2784,8.5003,0.0000,30.0000,39.98099613,116.34420773,77.8048,39.98100425,116.34421235,81.8088,2.5773,2.0690,1.5000,1.5000,0.00,1,GNSS_ONLY,1.5000
1779127715.2893,50.0000,19.9990,30.0000,39.98100052,116.34404787,80.3264,39.98100013,116.34409965,80.0033,4.4294,0.0154,1.5000,0.0300,98.00,3,RTK_FIXED,0.0300
1779127715.3032,19.4996,0.0000,30.0000,39.98117838,116.34457075,77.3634,39.98118020,116.34458655,80.0347,2.4835,0.0378,1.5000,0.0300,98.00,3,RTK_FIXED,0.0300
1779127715.3783,8.9998,0.0000,30.0000,39.98102475,116.34420931,84.3576,39.98099997,116.34422907,80.0289,5.4118,1.9120,1.5000,0.0300,98.00,3,RTK_FIXED,0.0300
1779127715.3895,50.0000,20.4997,30.0000,39.98098670,116.34413591,79.6321,39.98100025,116.34410577,80.0318,3.2733,0.0475,1.5000,0.0300,98.00,3,RTK_FIXED,0.0300
1779127715.4032,19.9996,0.0000,30.0000,39.98116780,116.34455594,78.0761,39.98118425,116.34458626,80.0735,3.6966,0.0747,1.5000,0.0300,98.00,3,RTK_FIXED,0.0300
1779127715.4783,9.5001,0.0000,30.0000,39.98101041,116.34423286,80.2413,39.98100004,116.34423470,80.0330,1.1916,0.0392,1.5000,0.0300,98.00,3,RTK_FIXED,0.0300
1779127715.4895,50.0000,20.9998,30.0000,39.98100426,116.34409868,79.8541,39.98102120,116.34414818,80.5788,1.1909,3.9702,1.5000,0.0300,98.00,1,GNSS_ONLY,1.5000
1779127715.5032,20.5000,0.0000,30.0000,39.98122503,116.34456791,79.9723,39.98118885,116.34458609,80.0245,4.3399,0.0338,1.5000,0.0300,98.00,3,RTK_FIXED,0.0300
1779127715.5784,10.0004,0.0000,30.0000,39.98098204,116.34426036,80.8042,39.98099975,116.34424023,80.0014,2.7503,0.0290,1.5000,0.0300,98.00,3,RTK_FIXED,0.0300
1779127715.5894,50.0000,21.4995,30.0000,39.98101244,116.34408539,79.5640,39.98099996,116.34411707,79.9950,3.0803,0.0157,1.5000,0.0300,98.00,3,RTK_FIXED,0.0300
1779127715.6033,21.0003,0.0000,30.0000,39.98118670,116.34459164,79.6096,39.98119322,116.34458655,79.9463,0.6273,2.7381,1.5000,0.0300,98.00,3,RTK_FIXED,0.0300
1779127715.6784,10.5003,0.0000,30.0000,39.98097933,116.34427657,81.2957,39.98099917,116.34424042,78.4207,3.6995,1.6570,1.5000,1.5000,0.00,1,GNSS_ONLY,1.5000
1779127715.6894,50.0000,21.9996,30.0000,39.98099305,116.34412091,81.7551,39.98101587,116.34415356,80.6586,1.9273,0.0747,1.5000,0.0300,98.00,3,RTK_FIXED,0.0300
1779127715.7033,21.5002,0.0000,30.0000,39.98120573,116.34460294,75.8669,39.98119852,116.34458095,78.9539,2.9697,1.1412,1.5000,1.5000,0.00,1,GNSS_ONLY,1.5000
1779127715.7784,11.0005,0.0000,30.0000,39.98101207,116.34425566,80.2090,39.98101578,116.34424870,81.1263,2.5893,2.1064,1.5000,0.0300,98.00,3,RTK_FIXED,0.0300
1779127715.7894,50.0000,22.4994,30.0000,39.98099463,116.34414466,78.3541,39.98100016,116.34412896,80.0278,2.2041,0.0329,1.5000,0.0300,98.00,3,RTK_FIXED,0.0300
1779127715.8032,21.9998,0.0000,30.0000,39.98121071,116.34461274,78.9516,39.98120256,116.34456834,78.1752,2.6744,2.3758,1.5000,1.5000,0.00,1,GNSS_ONLY,1.5000
1779127715.8783,11.4997,0.0000,30.0000,39.98103840,116.34425831,77.7442,39.98099964,116.34425729,80.0180,4.8334,0.0195,1.5000,0.0300,98.00,3,RTK_FIXED,0.0300
1779127715.8895,50.0000,22.9998,30.0000,39.98100695,116.34411782,79.1982,39.98100026,116.34413431,80.0199,1.8285,0.0552,1.5000,0.0300,98.00,3,RTK_FIXED,0.0300
1779127715.9032,22.4995,0.0000,30.0000,39.98122650,116.34455836,80.5525,39.98119892,116.34460106,81.2206,3.2917,1.9586,1.5000,1.5000,0.00,1,GNSS_ONLY,1.5000
1779127715.9785,12.0006,0.0000,30.0000,39.98099962,116.34425792,80.1720,39.98099964,116.34426386,80.0147,0.5294,0.0436,1.5000,0.0300,98.00,3,RTK_FIXED,0.0300
1779127715.9895,50.0000,23.4998,30.0000,39.98100918,116.34412002,78.4027,39.98099999,116.34414023,79.9985,2.5894,0.0390,1.5000,0.0300,98.00,3,RTK_FIXED,0.0300
1779127716.0034,23.0006,0.0000,30.0000,39.98119907,116.34458799,80.3042,39.98121142,116.34458627,80.0056,1.3820,0.0365,1.5000,0.0300,98.00,3,RTK_FIXED,0.0300
1779127716.0784,12.5004,0.0000,30.0000,39.98098185,116.34425910,77.7046,39.98099724,116.34431058,76.9947,1.9842,4.6170,1.5000,1.5000,0.00,1,GNSS_ONLY,1.5000
1779127716.0894,50.0000,23.9996,30.0000,39.98099765,116.34415104,81.0774,39.98099939,116.34414685,80.0310,1.1729,0.0791,1.5000,0.0300,98.00,3,RTK_FIXED,0.0300
1779127716.1033,23.5003,0.0000,30.0000,39.98120489,116.34455801,80.6595,39.98121931,116.34459539,77.8809,2.7610,2.2980,1.5000,1.5000,0.00,1,GNSS_ONLY,1.5000
1779127716.1784,13.0006,0.0000,30.0000,39.98100073,116.34423488,79.2923,39.98100003,116.34427581,80.0151,3.5376,1.2753,1.5000,0.0300,98.00,3,RTK_FIXED,0.0300
1779127716.1894,50.0000,24.4995,30.0000,39.98098570,116.34416277,79.6727,39.98099983,116.34415244,79.9861,1.8502,0.0238,1.5000,1.5000,0.00,1,GNSS_ONLY,1.5000
1779127716.2033,24.0001,0.0000,30.0000,39.98120673,116.34454274,79.3094,39.98122023,116.34458682,79.9832,1.5732,1.3185,1.5000,0.0300,98.00,3,RTK_FIXED,0.0300
1779127716.2784,13.5004,0.0000,30.0000,39.98100595,116.34426919,76.1404,39.98099086,116.34424033,81.1242,4.2027,3.8147,1.5000,1.5000,0.00,1,GNSS_ONLY,1.5000
1779127716.2893,50.0000,24.9990,30.0000,39.98100734,116.34417274,77.8428,39.98099907,116.34418162,82.0304,1.7146,2.8459,1.5000,0.0300,98.00,3,RTK_FIXED,0.0300
1779127716.3032,24.4999,0.0000,30.0000,39.98121328,116.34458779,79.1084,39.98121260,116.34456013,79.4630,1.8104,0.0257,1.5000,1.5000,0.00,3,RTK_FIXED,0.0300
1779127716.3784,14.0003,0.0000,30.0000,39.98102319,116.34430135,77.9267,39.98098598,116.34429413,80.7120,3.5233,1.8139,1.5000,1.5000,0.00,1,GNSS_ONLY,1.5000
1779127716.3895,50.0000,25.4997,30.0000,39.98097533,116.34416183,81.3924,39.98100041,116.34416409,80.0121,3.3938,0.0621,1.5000,0.0300,98.00,3,RTK_FIXED,0.0300
1779127716.4031,24.9995,0.0000,30.0000,39.98123483,116.34457466,79.7161,39.98122951,116.34458684,79.9724,1.2065,2.1124,1.5000,0.0300,98.00,3,RTK_FIXED,0.0300
1779127716.4783,14.5001,0.0000,30.0000,39.98101042,116.34426742,80.8159,39.98099971,116.34429352,80.0217,2.6079,0.0536,1.5000,0.0300,98.00,3,RTK_FIXED,0.0300
1779127716.4895,50.0000,25.9997,30.0000,39.98100840,116.34415712,79.9443,39.98100012,116.34417066,79.9906,1.4428,0.0593,1.5000,0.0300,98.00,3,RTK_FIXED,0.0300
1779127716.5033,25.5001,0.0000,30.0000,39.98122216,116.34460509,80.4996,39.98123399,116.34458684,79.9947,2.1130,1.3364,1.5000,0.0300,98.00,3,RTK_FIXED,0.0300
1779127716.5783,15.0000,0.0000,30.0000,39.98102764,116.34431125,81.8553,39.98099998,116.34429884,79.9485,3.7434,0.0524,1.5000,0.0300,98.00,3,RTK_FIXED,0.0300
1779127716.5894,50.0000,26.4994,30.0000,39.98098704,116.34419530,80.5216,39.98099617,116.34416869,80.2780,2.2598,0.7950,1.5000,1.5000,0.00,1,GNSS_ONLY,1.5000
1779127716.6032,25.9996,0.0000,30.0000,39.98123348,116.34459706,81.5958,39.98123819,116.34458590,80.0397,1.9152,4.2564,1.5000,0.0300,98.00,3,RTK_FIXED,0.0300
1779127716.6784,15.5005,0.0000,30.0000,39.98100443,116.34431144,81.3695,39.98100010,116.34430470,79.9795,1.5615,0.0555,1.5000,0.0300,98.00,3,RTK_FIXED,0.0300
1779127716.6895,50.0000,27.0001,30.0000,39.98100902,116.34420829,76.9964,39.98100020,116.34418147,79.9880,3.8946,0.0334,1.5000,0.0300,98.00,3,RTK_FIXED,0.0300
1779127716.7033,26.5003,0.0000,30.0000,39.98126758,116.34461150,79.1146,39.98124245,116.34458580,79.9874,0.9287,3.1256,1.5000,0.0300,98.00,1,GNSS_ONLY,1.5000
1779127716.7784,16.0003,0.0000,30.0000,39.98099258,116.34433724,79.5147,39.98100026,116.34431039,79.9766,4.2582,2.8368,1.5000,0.0300,98.00,3,RTK_FIXED,0.0300
1779127716.7894,50.0000,27.4992,30.0000,39.98102491,116.34418472,79.6321,39.98099996,116.34418791,79.9447,2.8083,0.0623,1.5000,0.0300,98.00,3,RTK_FIXED,0.0300
1779127716.8032,26.9996,0.0000,30.0000,39.98124492,116.34458143,79.7849,39.98124720,116.34458594,80.0221,0.5146,0.0351,1.5000,0.0300,98.00,3,RTK_FIXED,0.0300
1779127716.8784,16.5004,0.0000,30.0000,39.98099577,116.34431115,78.4240,39.98099993,116.34431641,79.9157,1.9710,3.1402,1.5000,0.0300,98.00,1,GNSS_ONLY,1.5000
1779127716.8896,50.0000,28.0002,30.0000,39.98102683,116.34418290,79.4567,39.98101961,116.34418566,80.1972,2.9208,2.2898,1.5000,1.5000,0.00,1,GNSS_ONLY,1.5000
1779127716.9033,27.5002,0.0000,30.0000,39.98124806,116.34459204,79.0520,39.98125124,116.34458587,79.9733,1.1395,0.0492,1.5000,0.0300,98.00,3,RTK_FIXED,0.0300
1779127716.9783,16.9997,0.0000,30.0000,39.98100859,116.34429486,79.1918,39.98096774,116.34434258,78.8202,2.6615,4.1538,1.5000,1.5000,0.00,1,GNSS_ONLY,1.5000
1779127716.9895,50.0000,28.4998,30.0000,39.98099668,116.34421259,80.6179,39.98100006,116.34419997,80.0683,1.3434,0.0898,1.5000,0.0300,98.00,3,RTK_FIXED,0.0300
1779127717.0033,28.0004,0.0000,30.0000,39.98124243,116.34458974,81.0603,39.98126120,116.34459782,80.8348,1.8724,1.4207,1.5000,1.5000,0.00,1,GNSS_ONLY,1.5000
1779127717.0784,17.5005,0.0000,30.0000,39.98100554,116.34436699,77.1498,39.98100012,116.34432803,79.9974,4.4069,0.0274,1.5000,0.0300,98.00,3,RTK_FIXED,0.0300
1779127717.0895,50.0000,28.9998,30.0000,39.98099349,116.34420895,79.7995,39.98100037,116.34420552,79.9619,0.8186,0.0642,1.5000,0.0300,98.00,3,RTK_FIXED,0.0300
1779127717.1033,28.5002,0.0000,30.0000,39.98127047,116.34460200,79.7605,39.98126790,116.34457469,80.2820,1.7637,1.3097,1.5000,1.5000,0.00,1,GNSS_ONLY,1.5000
1779127717.1784,18.0001,0.0000,30.0000,39.98098981,116.34432913,81.5544,39.98100256,116.34431830,77.8178,1.9705,0.0369,1.5000,0.0300,98.00,3,RTK_FIXED,0.0300
1779127717.1894,50.0000,29.4995,30.0000,39.98100059,116.34419989,79.3143,39.98100015,116.34421102,79.9540,2.7685,4.0464,1.5000,0.0300,98.00,3,RTK_FIXED,0.0300
1779127717.2033,29.0005,0.0000,30.0000,39.98125055,116.34458100,81.0716,39.98126500,116.34458647,80.0121,2.6094,0.0281,1.5000,0.0300,98.00,3,RTK_FIXED,0.0300
1779127717.2783,18.5001,0.0000,30.0000,39.98101452,116.34433820,80.6506,39.98099963,116.34434043,79.9758,1.7485,0.0609,1.5000,0.0300,98.00,3,RTK_FIXED,0.0300
1779127717.2894,50.0000,29.9992,30.0000,39.98100665,116.34422171,83.6005,39.98099999,116.34421625,79.9977,3.6988,0.0543,1.5000,0.0300,98.00,3,RTK_FIXED,0.0300
1779127717.3031,29.4994,0.0000,30.0000,39.98127162,116.34456226,81.4161,39.98126959,116.34458548,79.9737,2.9350,0.0805,1.5000,0.0300,98.00,3,RTK_FIXED,0.0300
1779127717.3784,19.0004,0.0000,30.0000,39.98100604,116.34435925,77.4716,39.98098606,116.34435529,80.3529,2.8556,1.7841,1.5000,1.5000,0.00,1,GNSS_ONLY,1.5000
1779127717.3894,50.0000,30.4992,30.0000,39.98101480,116.34420922,82.2526,39.98100031,116.34422290,80.0137,2.5442,2.2315,1.5000,1.5000,0.00,1,GNSS_ONLY,1.5000
1779127717.4033,30.0003,0.0000,30.0000,39.98129353,116.34457537,79.3390,39.98127760,116.34458673,79.0705,2.4543,1.0144,1.5000,1.5000,0.00,1,GNSS_ONLY,1.5000
1779127717.4784,19.5004,0.0000,30.0000,39.98100058,116.34434503,79.9813,39.98100014,116.34435101,80.0017,1.2333,4.4399,1.5000,1.5000,0.00,1,GNSS_ONLY,1.5000
1779127717.4895,50.0000,30.9997,30.0000,39.98101474,116.34424188,78.2749,39.98099974,116.34422808,79.9680,2.6359,0.0625,1.5000,0.0300,98.00,3,RTK_FIXED,0.0300
1779127717.5033,30.5002,0.0000,30.0000,39.98129653,116.34461372,78.5051,39.98127882,116.34458677,79.9511,3.4351,0.0806,1.5000,0.0300,98.00,3,RTK_FIXED,0.0300
1779127717.5783,20.0000,0.0000,30.0000,39.98097764,116.34433945,79.8701,39.98100000,116.34435757,79.9392,2.9325,0.0608,1.5000,0.0300,98.00,3,RTK_FIXED,0.0300
1779127717.5894,50.0000,31.4996,30.0000,39.98100351,116.34420937,80.9333,39.98100026,116.34423467,80.0667,2.3678,0.0780,1.5000,0.0300,98.00,3,RTK_FIXED,0.0300
1779127717.6033,31.0000,0.0000,30.0000,39.98125969,116.34460750,78.7257,39.98128242,116.34458646,79.9909,1.6446,1.9012,1.5000,0.0300,98.00,3,RTK_FIXED,0.0300
1779127717.6784,20.5004,0.0000,30.0000,39.98100822,116.34437996,79.3038,39.98099994,116.34436318,79.9613,1.8197,0.0445,1.5000,0.0300,98.00,3,RTK_FIXED,0.0300
1779127717.6895,50.0000,31.9998,30.0000,39.98099586,116.34422759,77.3198,39.98099971,116.34424069,79.9489,2.6478,4.0439,1.5000,1.5000,0.00,1,GNSS_ONLY,1.5000
1779127717.7034,31.5006,0.0000,30.0000,39.98126971,116.34457361,81.2537,39.98131956,116.34459231,80.6303,2.5729,3.6667,1.5000,1.5000,0.00,1,GNSS_ONLY,1.5000
1779127717.7784,21.0005,0.0000,30.0000,39.98099775,116.34437611,81.2252,39.98101687,116.34438028,79.2180,1.3791,2.2396,1.5000,1.5000,0.00,1,GNSS_ONLY,1.5000
1779127717.7894,50.0000,32.4992,30.0000,39.98098171,116.34425404,75.1375,39.98100016,116.34424573,80.0267,5.3140,0.0512,1.5000,0.0300,98.00,3,RTK_FIXED,0.0300
1779127717.8032,32.0000,0.0000,30.0000,39.98130082,116.34455697,80.9311,39.98129198,116.34458593,80.0381,1.5483,3.7847,1.5000,0.0300,98.00,1,GNSS_ONLY,1.5000
1779127717.8783,21.5001,0.0000,30.0000,39.98100613,116.34438374,79.4941,39.98099964,116.34437544,79.9958,1.1217,0.0471,1.5000,0.0300,98.00,3,RTK_FIXED,0.0300
1779127717.8895,50.0000,32.9997,30.0000,39.98099923,116.34423393,81.5738,39.98099995,116.34425239,80.0296,2.2079,2.1704,1.5000,1.5000,0.00,1,GNSS_ONLY,1.5000
1779127717.9032,32.4997,0.0000,30.0000,39.98130622,116.34457208,79.8570,39.98129640,116.34458575,80.0397,1.6282,0.0535,1.5000,0.0300,98.00,3,RTK_FIXED,0.0300
1779127717.9783,21.9998,0.0000,30.0000,39.98098362,116.34437730,77.6548,39.98099978,116.34438125,79.9896,2.9877,1.9200,1.5000,0.0300,98.00,3,RTK_FIXED,0.0300
1779127717.9894,50.0000,33.4993,30.0000,39.98099985,116.34427617,82.4970,39.98099986,116.34425839,80.0432,2.9429,0.0612,1.5000,0.0300,98.00,3,RTK_FIXED,0.0300
1779127718.0032,32.9998,0.0000,30.0000,39.98129827,116.34457014,77.3098,39.98130085,116.34458622,79.9864,3.0323,0.0168,1.5000,0.0300,98.00,3,RTK_FIXED,0.0300
1779127718.0784,22.5004,0.0000,30.0000,39.98101536,116.34438395,81.0357,39.98100001,116.34438679,80.0102,0.9063,0.0563,1.5000,0.0300,98.00,3,RTK_FIXED,0.0300
1779127718.0894,50.0000,33.9995,30.0000,39.98096972,116.34423529,81.5026,39.98098625,116.34428467,77.2102,4.4187,3.6470,1.5000,1.5000,0.00,1,GNSS_ONLY,1.5000
1779127718.1033,33.5002,0.0000,30.0000,39.98129010,116.34458793,78.2916,39.98130569,116.34458643,80.0361,2.3429,0.0522,1.5000,0.0300,98.00,3,RTK_FIXED,0.0300
1779127718.1784,23.0005,0.0000,30.0000,39.98099597,116.34439294,78.4774,39.98102405,116.34442876,81.7041,1.5875,4.4180,1.5000,0.0300,98.00,3,RTK_FIXED,0.0300
1779127718.1893,50.0000,34.4991,30.0000,39.98100124,116.34426495,77.9377,39.98100021,116.34426924,79.9750,2.1052,0.0486,1.5000,0.0300,98.00,3,RTK_FIXED,0.0300
1779127718.2033,34.0003,0.0000,30.0000,39.98131849,116.34459918,80.5112,39.98131104,116.34455480,79.1657,1.5512,2.8053,1.5000,1.5000,0.00,1,GNSS_ONLY,1.5000
1779127718.2784,23.5006,0.0000,30.0000,39.98100210,116.34438543,79.2538,39.98100033,116.34439859,79.9794,1.3684,0.0420,1.5000,0.0300,98.00,3,RTK_FIXED,0.0300
1779127718.2894,50.0000,34.9994,30.0000,39.98100273,116.34427572,78.3598,39.98100033,116.34427547,79.9947,2.4905,0.0375,1.5000,1.5000,0.00,3,RTK_FIXED,0.0300
1779127718.3032,34.4998,0.0000,30.0000,39.98131500,116.34458668,78.8049,39.98131464,116.34458613,80.0019,2.7001,1.3924,1.5000,0.0300,98.00,3,RTK_FIXED,0.0300
1779127718.3784,24.0005,0.0000,30.0000,39.98101770,116.34440654,77.4636,39.98100048,116.34440483,80.0188,4.5473,0.0406,1.5000,0.0300,98.00,3,RTK_FIXED,0.0300
1779127718.3894,50.0000,35.4995,30.0000,39.98100515,116.34427253,79.0040,39.98100022,116.34428138,80.0338,1.3743,0.0421,1.5000,0.0300,98.00,3,RTK_FIXED,0.0300
1779127718.4033,35.0001,0.0000,30.0000,39.98131009,116.34460037,79.3742,39.98131904,116.34458597,79.9685,1.2585,0.0393,1.5000,0.0300,98.00,3,RTK_FIXED,0.0300
1779127718.4785,24.5006,0.0000,30.0000,39.98096765,116.34439898,79.5407,39.98099969,116.34441040,80.0071,2.5476,1.9541,1.5000,0.0300,98.00,3,RTK_FIXED,0.0300
1779127718.4893,50.0000,35.9991,30.0000,39.98098553,116.34431953,77.0009,39.98100006,116.34428700,79.9769,0.9936,1.2951,1.5000,0.0300,98.00,3,RTK_FIXED,0.0300
1779127718.5033,35.5002,0.0000,30.0000,39.98132667,116.34457910,80.4098,39.98132317,116.34458596,80.0572,2.0569,0.0642,1.5000,0.0300,98.00,3,RTK_FIXED,0.0300
1779127718.5782,24.9996,0.0000,30.0000,39.98097148,116.34439575,77.2072,39.98099957,116.34441550,79.9709,0.8367,0.0599,1.5000,0.0300,98.00,3,RTK_FIXED,0.0300
1779127718.5895,50.0000,36.5000,30.0000,39.98102972,116.34429301,79.1972,39.98098480,116.34432054,79.4303,4.4434,2.9448,1.5000,1.5000,0.00,1,GNSS_ONLY,1.5000
1779127718.6032,35.9996,0.0000,30.0000,39.98132397,116.34459187,77.0402,39.98132800,116.34458629,80.0176,3.0309,0.0242,1.5000,0.0300,98.00,3,RTK_FIXED,0.0300
1779127718.6784,25.5005,0.0000,30.0000,39.98101308,116.34442315,78.7010,39.98099973,116.34442255,79.9968,1.9532,0.0532,1.5000,0.0300,98.00,3,RTK_FIXED,0.0300
1779127718.6893,50.0000,36.9990,30.0000,39.98099306,116.34431092,81.1235,39.98100003,116.34429883,79.9946,1.7035,0.0122,1.5000,0.0300,98.00,3,RTK_FIXED,0.0300
1779127718.7033,36.5002,0.0000,30.0000,39.98136270,116.34457602,78.7404,39.98133215,116.34458536,80.0039,3.7063,0.0728,1.5000,0.0300,98.00,3,RTK_FIXED,0.0300
1779127718.7784,26.0006,0.0000,30.0000,39.98101372,116.34442128,81.4733,39.98099921,116.34440254,80.1260,3.4075,2.1689,1.5000,0.0300,98.00,3,RTK_FIXED,0.0300
1779127718.7893,50.0000,37.4990,30.0000,39.98097892,116.34430425,79.4483,39.98100009,116.34430531,80.0014,2.4112,0.0439,1.5000,0.0300,98.00,3,RTK_FIXED,0.0300
1779127718.8032,36.9996,0.0000,30.0000,39.98135650,116.34462468,79.5912,39.98133619,116.34458620,80.0061,1.6315,0.0354,1.5000,0.0300,98.00,3,RTK_FIXED,0.0300
1779127718.8783,26.5001,0.0000,30.0000,39.98100759,116.34443537,80.8547,39.98100051,116.34443368,80.2369,1.1031,0.0436,1.5000,0.0300,98.00,3,RTK_FIXED,0.0300
1779127718.8894,50.0000,37.9992,30.0000,39.98100143,116.34428842,80.7962,39.98100038,116.34431053,79.9319,2.8298,0.0808,1.5000,0.2500,83.33,3,RTK_FIXED,0.0300
1779127718.9032,37.4999,0.0000,30.0000,39.98131839,116.34454218,78.7504,39.98134043,116.34458453,80.0096,4.7092,0.1731,1.5000,0.2500,83.33,2,RTK_FLOAT,0.2500
1779127718.9784,27.0005,0.0000,30.0000,39.98101730,116.34445740,80.0448,39.98100028,116.34443996,80.0243,1.9299,0.4563,1.5000,0.0300,98.00,3,RTK_FIXED,0.0300
1779127718.9893,50.0000,38.4991,30.0000,39.98100318,116.34429626,79.6197,39.98099860,116.34432119,80.5151,0.6436,0.6687,1.5000,0.2500,83.33,2,RTK_FLOAT,0.2500
1779127719.0032,37.9999,0.0000,30.0000,39.98135443,116.34458737,81.0498,39.98134554,116.34458621,80.0057,1.9480,0.3429,1.5000,0.2500,83.33,2,RTK_FLOAT,0.2500
1779127719.0784,27.5006,0.0000,30.0000,39.98099162,116.34445526,81.4811,39.98100323,116.34444888,80.1324,1.9389,0.4798,1.5000,0.2500,83.33,2,RTK_FLOAT,0.2500
1779127719.0894,50.0000,38.9993,30.0000,39.98098370,116.34431429,83.2374,39.98099965,116.34432224,80.0672,3.7750,0.0790,1.5000,0.0300,98.00,3,RTK_FIXED,0.0300
1779127719.1033,38.5002,0.0000,30.0000,39.98137570,116.34458325,79.7454,39.98134981,116.34458738,80.0189,2.8457,0.1201,1.5000,0.2500,83.33,2,RTK_FLOAT,0.2500
1779127719.1784,28.0004,0.0000,30.0000,39.98100072,116.34444282,81.9859,39.98099985,116.34445147,79.9931,1.8729,0.4442,1.5000,0.0300,98.00,3,RTK_FIXED,0.0300
1779127719.1893,50.0000,39.4990,30.0000,39.98102264,116.34434179,78.3431,39.98099992,116.34432865,79.9513,3.2294,0.0598,1.5000,0.0300,98.00,3,RTK_FIXED,0.0300
1779127719.2033,39.0002,0.0000,30.0000,39.98137280,116.34455412,82.1800,39.98135477,116.34458597,79.9465,4.0285,0.0565,1.5000,0.0300,98.00,3,RTK_FIXED,0.0300
1779127719.2784,28.5005,0.0000,30.0000,39.98099299,116.34446037,80.8003,39.98099960,116.34445743,80.0298,2.5942,0.0453,1.5000,0.0300,98.00,3,RTK_FIXED,0.0300
1779127719.2894,50.0000,39.9996,30.0000,39.98100454,116.34431508,79.0205,39.98100027,116.34433329,80.0315,1.9630,0.0832,1.5000,0.0300,98.00,3,RTK_FIXED,0.0300
1779127719.3033,39.5003,0.0000,30.0000,39.98136109,116.34461460,78.4965,39.98135924,116.34458585,79.6588,2.8603,0.3424,1.5000,0.2500,83.33,2,RTK_FLOAT,0.2500
1779127719.3784,29.0002,0.0000,30.0000,39.98099000,116.34445858,81.3865,39.98100033,116.34446270,80.0160,1.8191,0.0760,1.5000,0.0300,98.00,3,RTK_FIXED,0.0300
1779127719.3893,50.0000,40.4988,30.0000,39.98099079,116.34430724,81.1365,39.98099994,116.34434020,79.9753,3.1845,0.0953,1.5000,0.0300,98.00,3,RTK_FIXED,0.0300
1779127719.4032,39.9998,0.0000,30.0000,39.98137839,116.34458035,82.2507,39.98136388,116.34458585,80.0618,2.8195,0.0680,1.5000,0.0300,98.00,3,RTK_FIXED,0.0300
1779127719.4784,29.5006,0.0000,30.0000,39.98100852,116.34447552,77.8936,39.98099932,116.34446990,79.8793,3.7387,0.0548,1.5000,0.0300,98.00,3,RTK_FIXED,0.0300
1779127719.4894,50.0000,40.9996,30.0000,39.98099850,116.34435710,79.8731,39.98099951,116.34434602,79.9760,0.9827,0.0610,1.5000,0.0300,98.00,3,RTK_FIXED,0.0300
1779127719.5032,40.4996,0.0000,30.0000,39.98136994,116.34459965,80.1961,39.98136817,116.34458858,79.8177,1.1809,0.2754,1.5000,0.2500,83.33,2,RTK_FLOAT,0.2500
1779127719.5783,30.0000,0.0000,30.0000,39.98100854,116.34446750,80.0045,39.98099943,116.34447486,79.9623,2.2745,0.0739,1.5000,0.0300,98.00,3,RTK_FIXED,0.0300
1779127719.5893,50.0000,41.4990,30.0000,39.98100510,116.34436500,78.1478,39.98099888,116.34435593,79.5862,2.2451,0.5629,1.5000,0.2500,83.33,2,RTK_FLOAT,0.2500
1779127719.6032,40.9997,0.0000,30.0000,39.98136981,116.34460166,78.3272,39.98137312,116.34458667,79.9713,2.1574,0.0634,1.5000,0.0300,98.00,3,RTK_FIXED,0.0300
1779127719.6784,30.5004,0.0000,30.0000,39.98099560,116.34448761,80.9286,39.98100023,116.34448035,80.0358,1.2061,0.0516,1.5000,0.0300,98.00,3,RTK_FIXED,0.0300
1779127719.6893,50.0000,41.9991,30.0000,39.98100091,116.34434091,81.8239,39.98099982,116.34435722,80.0199,2.3144,0.0412,1.5000,0.0300,98.00,3,RTK_FIXED,0.0300
1779127719.7033,41.5004,0.0000,30.0000,39.98135606,116.34458334,79.5197,39.98137784,116.34458678,79.9809,2.4233,0.0833,1.5000,0.0300,98.00,3,RTK_FIXED,0.0300
1779127719.7784,31.0004,0.0000,30.0000,39.98100913,116.34450069,78.5678,39.98100157,116.34448938,80.0255,2.1317,0.3007,1.5000,0.2500,83.33,2,RTK_FLOAT,0.2500
1779127719.7895,50.0000,42.4997,30.0000,39.98098842,116.34435002,79.1935,39.98099982,116.34436324,79.9831,1.9024,0.2957,1.5000,0.0300,98.00,2,RTK_FLOAT,0.2500
1779127719.8032,41.9998,0.0000,30.0000,39.98137903,116.34456433,80.1645,39.98137869,116.34459333,80.3680,1.8948,0.7922,1.5000,0.2500,83.33,2,RTK_FLOAT,0.2500
1779127719.8783,31.4998,0.0000,30.0000,39.98099365,116.34448860,79.2578,39.98099995,116.34449276,79.9292,4.2539,0.0328,1.5000,0.0300,98.00,3,RTK_FIXED,0.0300
1779127719.8894,50.0000,42.9995,30.0000,39.98101572,116.34434569,80.7388,39.98100000,116.34436939,79.9859,2.7679,0.0166,1.5000,0.0300,98.00,3,RTK_FIXED,0.0300
1779127719.9032,42.4999,0.0000,30.0000,39.98138967,116.34456659,79.1922,39.98138673,116.34458602,79.9986,1.8934,0.0531,1.5000,0.0300,98.00,3,RTK_FIXED,0.0300
1779127719.9784,32.0006,0.0000,30.0000,39.98099278,116.34445511,78.4978,39.98099962,116.34449819,80.0130,4.0546,0.0449,1.5000,0.0300,98.00,3,RTK_FIXED,0.0300
1779127719.9893,50.0000,43.4990,30.0000,39.98099359,116.34436995,80.2244,39.98099974,116.34437509,80.0140,0.7786,0.1069,1.5000,0.2500,83.33,3,RTK_FIXED,0.0300
1779127720.0034,43.0007,0.0000,30.0000,39.98136996,116.34456158,80.9799,39.98139086,116.34458626,80.0330,3.2741,0.1643,1.5000,0.0300,98.00,3,RTK_FIXED,0.0300
1779127720.0784,32.5004,0.0000,30.0000,39.98100243,116.34451809,79.0159,39.98100355,116.34450771,80.1236,1.5695,0.5149,1.5000,0.0300,98.00,3,RTK_FIXED,0.0300
1779127720.0894,50.0000,43.9992,30.0000,39.98100875,116.34439040,80.4894,39.98099973,116.34438130,80.0147,1.3520,0.0412,1.5000,0.0300,98.00,3,RTK_FIXED,0.0300
1779127720.1032,43.4996,0.0000,30.0000,39.98140469,116.34456687,77.9663,39.98139818,116.34458384,80.2101,2.8196,0.4356,1.5000,0.2500,83.33,2,RTK_FLOAT,0.2500
1779127720.1784,33.0005,0.0000,30.0000,39.98099825,116.34451872,79.9778,39.98100014,116.34450971,80.0018,0.7720,0.0264,1.5000,0.0300,98.00,3,RTK_FIXED,0.0300
1779127720.1894,50.0000,44.4994,30.0000,39.98101167,116.34438045,80.9675,39.98100001,116.34438634,79.9713,1.7101,0.0543,1.5000,0.0300,98.00,3,RTK_FIXED,0.0300
1779127720.2033,44.0002,0.0000,30.0000,39.98135727,116.34458862,80.2957,39.98140372,116.34458538,79.9754,1.2110,0.4486,1.5000,0.0300,98.00,3,RTK_FIXED,0.0300
1779127720.2784,33.5005,0.0000,30.0000,39.98101558,116.34455023,79.2034,39.98100026,116.34451511,80.0392,3.4397,0.3912,1.5000,0.2500,83.33,2,RTK_FLOAT,0.2500
1779127720.2894,50.0000,44.9995,30.0000,39.98100898,116.34436866,81.5389,39.98099980,116.34439285,80.0009,1.9506,0.0241,1.5000,0.0300,98.00,2,RTK_FLOAT,0.2500
1779127720.3033,44.5003,0.0000,30.0000,39.98139886,116.34456813,82.3407,39.98140424,116.34458613,79.9719,1.4043,0.0407,1.5000,0.0300,98.00,3,RTK_FIXED,0.0300
1779127720.3785,34.0008,0.0000,30.0000,39.98102370,116.34454526,81.5273,39.98100048,116.34452200,79.9686,3.6518,0.0669,1.5000,0.0300,98.00,3,RTK_FIXED,0.0300
1779127720.3893,50.0000,45.4990,30.0000,39.98099442,116.34437997,80.4468,39.98100000,116.34439893,80.3682,1.4044,0.3693,1.5000,0.0300,98.00,2,RTK_FLOAT,0.2500
1779127720.4033,45.0002,0.0000,30.0000,39.98138962,116.34454307,78.2194,39.98140815,116.34458510,79.6232,1.2717,0.0752,1.5000,0.0300,98.00,3,RTK_FIXED,0.0300
1779127720.4784,34.5006,0.0000,30.0000,39.98098840,116.34451023,83.6861,39.98099908,116.34453283,79.9091,4.1760,0.4709,1.5000,0.2500,83.33,2,RTK_FLOAT,0.2500
1779127720.4894,50.0000,45.9996,30.0000,39.98100642,116.34440027,78.7638,39.98100013,116.34440395,80.0130,1.4723,0.0479,1.5000,0.0300,98.00,3,RTK_FIXED,0.0300
1779127720.5033,45.5002,0.0000,30.0000,39.98142579,116.34458815,79.6960,39.98141313,116.34458627,79.9922,1.4419,0.0155,1.5000,0.0300,98.00,3,RTK_FIXED,0.0300
1779127720.5783,34.9998,0.0000,30.0000,39.98100853,116.34451934,79.9840,39.98099990,116.34453394,80.0576,1.5304,0.3647,1.5000,0.0300,98.00,3,RTK_FIXED,0.0300
1779127720.5894,50.0000,46.4996,30.0000,39.98101227,116.34441593,80.1266,39.98099975,116.34441030,79.9870,1.4527,0.0311,1.5000,0.0300,98.00,3,RTK_FIXED,0.0300
1779127720.6033,46.0003,0.0000,30.0000,39.98143118,116.34457151,82.2525,39.98141748,116.34458685,79.9799,2.9807,0.0665,1.5000,0.0300,98.00,3,RTK_FIXED,0.0300
1779127720.6784,35.5004,0.0000,30.0000,39.98099345,116.34451602,80.6303,39.98099854,116.34453898,79.8314,2.2056,0.2356,1.5000,0.2500,83.33,2,RTK_FLOAT,0.2500
1779127720.6894,50.0000,46.9995,30.0000,39.98100334,116.34439793,80.0377,39.98099975,116.34441657,79.9418,2.6240,0.0575,1.5000,0.0300,98.00,3,RTK_FIXED,0.0300
1779127720.7033,46.5002,0.0000,30.0000,39.98141259,116.34458290,76.0224,39.98142206,116.34458582,79.9975,2.1884,0.0341,1.5000,0.0300,98.00,3,RTK_FIXED,0.0300
1779127720.7784,36.0004,0.0000,30.0000,39.98101785,116.34452412,79.9333,39.98099989,116.34454494,79.9698,1.8873,0.0536,1.5000,0.0300,98.00,3,RTK_FIXED,0.0300
1779127720.7894,50.0000,47.4995,30.0000,39.98101714,116.34443638,79.2311,39.98100016,116.34442214,80.0123,2.3932,0.0226,1.5000,0.0300,98.00,3,RTK_FIXED,0.0300
1779127720.8034,47.0010,0.0000,30.0000,39.98141755,116.34458761,80.9937,39.98142670,116.34458604,80.0053,1.4281,0.0124,1.5000,0.0300,98.00,3,RTK_FIXED,0.0300
1779127720.8784,36.5003,0.0000,30.0000,39.98102598,116.34456606,78.8933,39.98099997,116.34455115,80.0121,3.3521,0.0629,1.5000,0.0300,98.00,3,RTK_FIXED,0.0300
1779127720.8894,50.0000,47.9994,30.0000,39.98099596,116.34442868,80.0783,39.98099980,116.34442794,80.0356,0.4610,0.0420,1.5000,0.0300,98.00,3,RTK_FIXED,0.0300
1779127720.9032,47.4998,0.0000,30.0000,39.98141017,116.34458315,81.4509,39.98142939,116.34459061,80.0755,2.7646,0.4350,1.5000,0.0300,98.00,2,RTK_FLOAT,0.2500
1779127720.9784,37.0006,0.0000,30.0000,39.98099153,116.34454410,81.1617,39.98100391,116.34455674,79.8794,1.8499,0.4514,1.5000,0.2500,83.33,2,RTK_FLOAT,0.2500
1779127720.9895,50.0000,48.4997,30.0000,39.98100131,116.34445134,81.1937,39.98099969,116.34443400,80.0645,1.9218,0.1161,1.5000,0.0300,98.00,3,RTK_FIXED,0.0300
1779127721.0033,48.0004,0.0000,30.0000,39.98143359,116.34459751,79.4743,39.98143605,116.34458647,80.0236,1.1250,0.0540,1.5000,0.0300,98.00,3,RTK_FIXED,0.0300
1779127721.0784,37.5004,0.0000,30.0000,39.98100503,116.34455613,79.0646,39.98099865,116.34456279,80.4050,1.2265,0.4319,1.5000,0.2500,83.33,2,RTK_FLOAT,0.2500
1779127721.0895,50.0000,48.9996,30.0000,39.98099417,116.34445518,79.9286,39.98099971,116.34443994,80.0434,3.4279,0.0264,1.5000,0.0300,98.00,3,RTK_FIXED,0.0300
1779127721.1033,48.5004,0.0000,30.0000,39.98143574,116.34458746,78.6005,39.98143982,116.34458609,79.9618,1.4879,0.0553,1.5000,0.0300,98.00,3,RTK_FIXED,0.0300
1779127721.1784,38.0004,0.0000,30.0000,39.98098235,116.34452779,78.4155,39.98100014,116.34456859,79.9929,0.9213,0.5763,1.5000,0.0300,98.00,3,RTK_FIXED,0.0300
1779127721.1893,50.0000,49.4990,30.0000,39.98100550,116.34446617,82.4605,39.98100016,116.34444548,80.0211,3.0885,0.0278,1.5000,0.0300,98.00,3,RTK_FIXED,0.0300
1779127721.2033,49.0003,0.0000,30.0000,39.98145481,116.34459697,79.6233,39.98144242,116.34457890,80.3082,1.5065,0.7360,1.5000,0.2500,83.33,2,RTK_FLOAT,0.2500
1779127721.2784,38.5004,0.0000,30.0000,39.98100690,116.34456728,78.6713,39.98100015,116.34457510,79.9759,1.6520,0.0631,1.5000,0.0300,98.00,3,RTK_FIXED,0.0300
1779127721.2894,50.0000,49.9996,30.0000,39.98101341,116.34446274,80.5537,39.98100060,116.34445100,80.0192,1.8644,0.0760,1.5000,0.0300,98.00,3,RTK_FIXED,0.0300
1779127721.3032,49.4996,0.0000,30.0000,39.98144160,116.34457279,79.9666,39.98144967,116.34458159,80.2419,1.4177,0.4631,1.5000,0.2500,83.33,2,RTK_FLOAT,0.2500
1779127721.3784,39.0004,0.0000,30.0000,39.98098693,116.34458848,77.9076,39.98100051,116.34458072,79.9568,1.4722,0.0298,1.5000,0.0300,98.00,3,RTK_FIXED,0.0300
1779127721.3894,49.5005,50.0000,30.0000,39.98100297,116.34445184,79.3425,39.98100017,116.34445735,80.0121,2.5028,0.0315,1.5000,0.0300,98.00,3,RTK_FIXED,0.0300
1779127721.4032,49.9997,0.0000,30.0000,39.98145737,116.34456614,80.1578,39.98145014,116.34458157,79.8683,4.2507,0.2020,1.5000,0.2500,83.33,3,RTK_FIXED,0.0300
1779127721.4782,39.4995,0.0000,30.0000,39.98102702,116.34455289,79.0842,39.98100004,116.34458558,80.0249,4.2357,0.0556,1.5000,0.0300,98.00,3,RTK_FIXED,0.0300
1779127721.4893,49.0009,50.0000,30.0000,39.98100758,116.34445862,78.0622,39.98100430,116.34446410,80.1165,2.1472,0.5001,1.5000,0.2500,83.33,2,RTK_FLOAT,0.2500
1779127721.5033,50.0000,0.5004,30.0000,39.98145308,116.34457536,79.5208,39.98144931,116.34457454,79.9879,1.1296,0.2558,1.5000,0.0300,98.00,3,RTK_FIXED,0.0300
1779127721.5783,40.0000,0.0000,30.0000,39.98102230,116.34456190,81.4602,39.98100454,116.34458567,80.0308,2.9589,0.4456,1.5000,0.0300,98.00,3,RTK_FIXED,0.0300
1779127721.5894,48.5008,50.0000,30.0000,39.98101293,116.34449084,77.7279,39.98100091,116.34447136,79.5987,2.2746,0.0300,1.5000,0.0300,98.00,3,RTK_FIXED,0.0300
1779127721.6033,50.0000,1.0002,30.0000,39.98145407,116.34456817,80.8341,39.98144981,116.34456911,80.3684,0.9980,0.3781,1.5000,0.2500,83.33,2,RTK_FLOAT,0.2500
1779127721.6784,40.5004,0.0000,30.0000,39.98100321,116.34458036,76.7197,39.98100862,116.34458562,80.0167,4.7015,0.4406,1.5000,0.2500,83.33,3,RTK_FIXED,0.0300
1779127721.6894,48.0007,50.0000,30.0000,39.98098536,116.34449676,80.5046,39.98099984,116.34447428,80.0232,2.5337,0.4659,1.5000,0.0300,98.00,3,RTK_FIXED,0.0300
1779127721.7033,50.0000,1.5002,30.0000,39.98145538,116.34455319,77.1932,39.98145051,116.34456819,79.9544,3.0035,0.4915,1.5000,0.2500,83.33,2,RTK_FLOAT,0.2500
1779127721.7784,41.0004,0.0000,30.0000,39.98102010,116.34457931,78.4731,39.98101305,116.34458618,79.9983,1.7938,0.0478,1.5000,0.0300,98.00,3,RTK_FIXED,0.0300
1779127721.7894,47.5007,50.0000,30.0000,39.98101653,116.34449351,81.5083,39.98100008,116.34448042,80.0402,1.4113,0.2074,1.5000,0.0300,98.00,3,RTK_FIXED,0.0300
1779127721.8032,50.0000,1.9997,30.0000,39.98147920,116.34454950,77.6481,39.98145223,116.34456056,79.7870,4.1367,0.5116,1.5000,0.2500,83.33,2,RTK_FLOAT,0.2500
1779127721.8784,41.5003,0.0000,30.0000,39.98101191,116.34460098,77.6214,39.98101773,116.34458589,79.9946,2.7764,0.0144,1.5000,0.0300,98.00,3,RTK_FIXED,0.0300
1779127721.8894,47.0005,50.0000,30.0000,39.98100607,116.34450798,80.1843,39.98100185,116.34448385,80.2303,2.1988,0.3840,1.5000,0.0300,98.00,3,RTK_FIXED,0.0300
1779127721.9033,50.0000,2.5003,30.0000,39.98145920,116.34456252,79.5936,39.98144721,116.34454828,79.5911,1.5427,0.5179,1.5000,0.2500,83.33,2,RTK_FLOAT,0.2500
1779127721.9783,41.9998,0.0000,30.0000,39.98100649,116.34459204,82.8691,39.98102249,116.34458613,80.0413,2.9039,0.0415,1.5000,0.0300,98.00,3,RTK_FIXED,0.0300
1779127721.9894,46.5007,50.0000,30.0000,39.98098699,116.34448210,80.3403,39.98100013,116.34449252,80.0248,1.7270,0.0314,1.5000,0.2500,83.33,2,RTK_FLOAT,0.2500
1779127722.0032,50.0000,2.9997,30.0000,39.98146959,116.34458604,79.5402,39.98144842,116.34454341,80.1275,4.1900,0.2118,1.5000,0.0300,98.00,3,RTK_FIXED,0.0300
1779127722.0785,42.5007,0.0000,30.0000,39.98102162,116.34458432,82.2008,39.98103211,116.34458583,80.0227,2.2847,0.5761,1.5000,0.0300,98.00,2,RTK_FLOAT,0.2500
1779127722.0893,46.0009,50.0000,30.0000,39.98099655,116.34453517,82.9350,39.98100049,116.34449846,80.0658,3.0895,0.3026,1.5000,0.0300,98.00,3,RTK_FIXED,0.0300
1779127722.1032,50.0000,3.4999,30.0000,39.98144970,116.34455667,78.0704,39.98144595,116.34453530,79.5581,2.4343,0.6620,1.5000,0.2500,83.33,2,RTK_FLOAT,0.2500
1779127722.1784,43.0005,0.0000,30.0000,39.98103681,116.34460000,80.2202,39.98103176,116.34458600,80.0034,1.3406,0.0385,1.5000,0.0300,98.00,2,RTK_FLOAT,0.2500
1779127722.1894,45.5004,50.0000,30.0000,39.98098368,116.34447871,77.5329,39.98100038,116.34450453,80.0326,3.7525,0.0647,1.5000,0.0300,98.00,3,RTK_FIXED,0.0300
1779127722.2033,50.0000,4.0002,30.0000,39.98145360,116.34453543,81.1664,39.98145113,116.34453105,79.6567,1.2787,0.4549,1.5000,0.2500,83.33,2,RTK_FLOAT,0.2500
1779127722.2784,43.5006,0.0000,30.0000,39.98103834,116.34459194,79.0756,39.98103454,116.34458610,79.7321,4.0123,0.0505,1.5000,0.0300,98.00,3,RTK_FIXED,0.0300
1779127722.2895,45.0003,50.0000,30.0000,39.98099427,116.34450372,78.8737,39.98100056,116.34450955,80.0516,1.4001,0.0885,1.5000,0.0300,98.00,3,RTK_FIXED,0.0300
1779127722.3033,50.0000,4.5001,30.0000,39.98141640,116.34453004,80.5996,39.98144913,116.34452825,80.0426,2.3559,0.1586,1.5000,0.0300,98.00,3,RTK_FIXED,0.0300
1779127722.3784,44.0005,0.0000,30.0000,39.98105768,116.34456559,79.4703,39.98104035,116.34458638,80.0277,2.6549,0.0341,1.5000,0.0300,98.00,3,RTK_FIXED,0.0300
1779127722.3894,44.5005,50.0000,30.0000,39.98100301,116.34454607,79.9156,39.98100041,116.34451522,79.9635,3.9166,0.0445,1.5000,0.0300,98.00,3,RTK_FIXED,0.0300
1779127722.4032,50.0000,4.9996,30.0000,39.98142309,116.34451615,78.0980,39.98144863,116.34451364,79.9529,3.5017,0.6915,1.5000,0.2500,83.33,2,RTK_FLOAT,0.2500
1779127722.4784,44.5005,0.0000,30.0000,39.98104915,116.34459968,79.2558,39.98104012,116.34458567,80.1543,1.9997,0.0106,1.5000,0.2500,83.33,2,RTK_FLOAT,0.2500
1779127722.4894,44.0004,50.0000,30.0000,39.98100445,116.34450926,78.5863,39.98099992,116.34452165,79.9990,1.8355,0.0099,1.5000,0.0300,98.00,3,RTK_FIXED,0.0300
1779127722.5033,50.0000,5.5001,30.0000,39.98143144,116.34453668,76.4130,39.98144885,116.34451562,79.9096,4.4626,0.0984,1.5000,0.0300,98.00,3,RTK_FIXED,0.0300
1779127722.5784,45.0003,0.0000,30.0000,39.98105695,116.34461688,81.0007,39.98104952,116.34458607,79.9873,2.9272,0.0198,1.5000,0.0300,98.00,3,RTK_FIXED,0.0300
1779127722.5894,43.5004,50.0000,30.0000,39.98100255,116.34454187,79.9452,39.98100039,116.34452757,80.0050,1.2552,0.0443,1.5000,0.0300,98.00,3,RTK_FIXED,0.0300
1779127722.6033,50.0000,6.0001,30.0000,39.98144069,116.34448577,78.9071,39.98144928,116.34451006,79.9916,2.5184,0.2819,1.5000,0.0300,98.00,3,RTK_FIXED,0.0300
1779127722.6784,45.5006,0.0000,30.0000,39.98105578,116.34457927,78.7751,39.98105370,116.34458631,80.0070,1.3748,0.4033,1.5000,0.0300,98.00,3,RTK_FIXED,0.0300
1779127722.6893,43.0009,50.0000,30.0000,39.98099994,116.34451330,79.5345,39.98100003,116.34453358,79.9884,1.7785,0.0184,1.5000,0.0300,98.00,3,RTK_FIXED,0.0300
1779127722.7034,50.0000,6.5008,30.0000,39.98144898,116.34451012,77.8196,39.98144922,116.34450042,80.2572,2.2399,0.4072,1.5000,0.2500,83.33,2,RTK_FLOAT,0.2500
1779127722.7784,46.0005,0.0000,30.0000,39.98106744,116.34457466,80.9799,39.98105828,116.34458620,79.9611,2.2011,0.0735,1.5000,0.0300,98.00,3,RTK_FIXED,0.0300
1779127722.7895,42.5003,50.0000,30.0000,39.98100385,116.34456513,78.0603,39.98099779,116.34454204,79.8861,4.2790,0.3594,1.5000,0.2500,83.33,2,RTK_FLOAT,0.2500
1779127722.8032,50.0000,6.9996,30.0000,39.98146337,116.34449980,77.9203,39.98144952,116.34449827,80.0293,2.6163,0.0500,1.5000,0.2500,83.33,3,RTK_FIXED,0.0300
1779127722.8785,46.5007,0.0000,30.0000,39.98104578,116.34456181,76.7867,39.98106275,116.34458304,80.2832,2.7051,0.0450,1.5000,0.0300,98.00,3,RTK_FIXED,0.0300
1779127722.8897,41.9993,50.0000,30.0000,39.98097499,116.34453118,82.7713,39.98099997,116.34454532,79.9951,4.1046,0.0158,1.5000,0.0300,98.00,3,RTK_FIXED,0.0300
1779127722.9033,50.0000,7.5003,30.0000,39.98144398,116.34448854,80.4323,39.98144906,116.34449163,80.0196,0.7905,0.0669,1.5000,0.2500,83.33,2,RTK_FLOAT,0.2500
1779127722.9785,47.0008,0.0000,30.0000,39.98106992,116.34459478,80.4849,39.98106739,116.34458610,80.0052,0.9250,0.0077,1.5000,0.0300,98.00,3,RTK_FIXED,0.0300
1779127722.9895,41.5003,50.0000,30.0000,39.98100063,116.34456116,81.1428,39.98100043,116.34455445,80.2830,0.9263,0.0607,1.5000,0.0300,98.00,3,RTK_FIXED,0.0300
1779127723.0033,50.0000,8.0003,30.0000,39.98144707,116.34451629,81.3975,39.98144909,116.34448657,80.0296,2.9078,0.0306,1.5000,0.0300,98.00,3,RTK_FIXED,0.0300
1779127723.0785,47.5007,0.0000,30.0000,39.98107164,116.34458873,80.4246,39.98106790,116.34458935,80.2435,0.4784,0.5723,1.5000,0.2500,83.33,2,RTK_FLOAT,0.2500
1779127723.0895,41.0001,50.0000,30.0000,39.98099725,116.34455701,77.7933,39.98099458,116.34455834,80.1621,2.2278,0.6374,1.5000,0.2500,83.33,2,RTK_FLOAT,0.2500
1779127723.1032,50.0000,8.4998,30.0000,39.98144988,116.34445442,79.8212,39.98144875,116.34448409,79.8265,2.2467,0.3429,1.5000,0.2500,83.33,2,RTK_FLOAT,0.2500
1779127723.1784,48.0005,0.0000,30.0000,39.98107355,116.34458763,80.7789,39.98107617,116.34458611,79.9971,0.8484,0.0282,1.5000,0.0300,98.00,3,RTK_FIXED,0.0300
1779127723.1893,40.5009,50.0000,30.0000,39.98097629,116.34456956,81.1277,39.98100536,116.34456310,79.7250,2.9291,0.6579,1.5000,0.2500,83.33,2,RTK_FLOAT,0.2500
1779127723.2033,50.0000,9.0004,30.0000,39.98144230,116.34446450,77.5525,39.98144927,116.34447393,79.9862,3.2394,0.1828,1.5000,0.2500,83.33,3,RTK_FIXED,0.0300
1779127723.2784,48.5005,0.0000,30.0000,39.98107144,116.34459113,79.8660,39.98108116,116.34458148,80.1125,1.1381,0.4164,1.5000,0.2500,83.33,2,RTK_FLOAT,0.2500
1779127723.2896,39.9997,50.0000,30.0000,39.98099904,116.34457867,79.5001,39.98099837,116.34456966,79.9298,2.8608,0.2149,1.5000,0.2500,83.33,2,RTK_FLOAT,0.2500
1779127723.3033,50.0000,9.5002,30.0000,39.98143667,116.34444330,78.3906,39.98144922,116.34446903,79.9828,3.0497,0.0202,1.5000,0.2500,83.33,2,RTK_FLOAT,0.2500
1779127723.3784,49.0006,0.0000,30.0000,39.98108139,116.34457027,79.6672,39.98108499,116.34458635,79.9936,0.9140,0.4691,1.5000,0.0300,98.00,3,RTK_FIXED,0.0300
1779127723.3894,39.5009,50.0000,30.0000,39.98100336,116.34455177,79.8907,39.98099968,116.34457444,80.0309,1.9740,0.0476,1.5000,0.0300,98.00,3,RTK_FIXED,0.0300
1779127723.4032,50.0000,9.9998,30.0000,39.98145190,116.34443252,78.3081,39.98144947,116.34446164,79.4187,3.1225,0.5953,1.5000,0.0300,98.00,2,RTK_FLOAT,0.2500
1779127723.4784,49.5005,0.0000,30.0000,39.98108034,116.34455770,79.2160,39.98108981,116.34458696,80.0322,2.7617,0.0750,1.5000,0.2500,83.33,3,RTK_FIXED,0.0300
1779127723.4894,39.0005,50.0000,30.0000,39.98098384,116.34458558,77.2103,39.98100062,116.34458010,80.0077,3.3497,0.0723,1.5000,0.0300,98.00,3,RTK_FIXED,0.0300
1779127723.5033,50.0000,10.5003,30.0000,39.98143005,116.34447576,79.5122,39.98144886,116.34445749,79.9981,2.6954,0.0403,1.5000,0.0300,98.00,3,RTK_FIXED,0.0300
1779127723.5783,49.9999,0.0000,30.0000,39.98112024,116.34457451,81.6910,39.98109221,116.34458645,79.8677,3.4882,0.2709,1.5000,0.2500,83.33,2,RTK_FLOAT,0.2500
1779127723.5894,38.5006,50.0000,30.0000,39.98099205,116.34460381,80.9386,39.98099980,116.34458547,80.0695,1.9820,0.0939,1.5000,0.0300,98.00,3,RTK_FIXED,0.0300
1779127723.6032,50.0000,10.9997,30.0000,39.98146148,116.34444227,77.9475,39.98144731,116.34445080,80.0278,2.5875,0.2122,1.5000,0.2500,83.33,2,RTK_FLOAT,0.2500
1779127723.6784,50.0000,0.5006,30.0000,39.98111254,116.34461983,80.1634,39.98109902,116.34458619,79.9604,3.2572,0.0457,1.5000,0.0300,98.00,3,RTK_FIXED,0.0300
1779127723.6893,38.0011,50.0000,30.0000,39.98101451,116.34455238,80.1080,39.98100393,116.34458571,80.0268,3.0921,0.0789,1.5000,0.0300,98.00,3,RTK_FIXED,0.0300
1779127723.7033,50.0000,11.5001,30.0000,39.98144258,116.34443123,81.9789,39.98144914,116.34444545,79.9772,2.0995,0.7272,1.5000,0.0300,98.00,3,RTK_FIXED,0.0300
1779127723.7783,50.0000,0.9999,30.0000,39.98110426,116.34456804,78.2357,39.98110189,116.34458389,79.7357,2.3482,0.3639,1.5000,0.2500,83.33,2,RTK_FLOAT,0.2500
1779127723.7896,37.4998,50.0000,30.0000,39.98100192,116.34458566,80.0206,39.98100908,116.34458667,80.0649,0.7871,0.0786,1.5000,0.0300,98.00,3,RTK_FIXED,0.0300
1779127723.8032,50.0000,11.9998,30.0000,39.98144691,116.34444349,79.9705,39.98144924,116.34443967,79.9702,2.0604,0.5155,1.5000,0.0300,98.00,3,RTK_FIXED,0.0300
1779127723.8784,50.0000,1.5004,30.0000,39.98110154,116.34456354,79.7194,39.98110784,116.34458676,79.9926,2.6478,0.4185,1.5000,0.0300,98.00,3,RTK_FIXED,0.0300
1779127723.8894,37.0004,50.0000,30.0000,39.98100023,116.34454332,81.0316,39.98101597,116.34458972,79.6020,4.0738,0.5720,1.5000,0.2500,83.33,2,RTK_FLOAT,0.2500
1779127723.9033,50.0000,12.5001,30.0000,39.98145379,116.34444302,81.7850,39.98144948,116.34443375,79.9760,2.9517,0.1017,1.5000,0.0300,98.00,3,RTK_FIXED,0.0300
1779127723.9783,50.0000,2.0000,30.0000,39.98114681,116.34460869,79.2370,39.98111220,116.34458630,79.9407,4.3631,0.0612,1.5000,0.0300,98.00,3,RTK_FIXED,0.0300
1779127723.9895,36.5003,50.0000,30.0000,39.98099109,116.34458459,79.2188,39.98101808,116.34458565,79.9766,3.0948,0.0516,1.5000,0.0300,98.00,3,RTK_FIXED,0.0300
1779127724.0033,50.0000,13.0003,30.0000,39.98146082,116.34439651,79.0944,39.98144889,116.34442775,80.0345,3.1108,0.0471,1.5000,0.0300,98.00,3,RTK_FIXED,0.0300
1779127724.0784,50.0000,2.5004,30.0000,39.98113544,116.34455021,81.5017,39.98111714,116.34458618,80.0255,0.4837,0.3087,1.5000,0.0300,98.00,3,RTK_FIXED,0.0300
1779127724.0894,36.0006,50.0000,30.0000,39.98101571,116.34457380,80.6010,39.98102521,116.34458842,80.1611,3.2673,0.3953,1.5000,0.2500,83.33,2,RTK_FLOAT,0.2500
1779127724.1034,50.0000,13.5006,30.0000,39.98145823,116.34440658,81.2908,39.98144719,116.34442662,79.9434,2.2069,0.0706,1.5000,0.2500,83.33,2,RTK_FLOAT,0.2500
1779127724.1784,50.0000,3.0005,30.0000,39.98112424,116.34457709,80.2576,39.98112258,116.34458738,80.0220,0.8806,0.0400,1.5000,0.0300,98.00,2,RTK_FLOAT,0.2500
1779127724.1894,35.5004,50.0000,30.0000,39.98104014,116.34460806,79.6798,39.98102683,116.34458627,79.9651,2.3970,0.0387,1.5000,0.2500,83.33,2,RTK_FLOAT,0.2500
1779127724.2032,50.0000,13.9998,30.0000,39.98144185,116.34445482,80.4425,39.98144935,116.34441565,79.9638,3.4233,0.0622,1.5000,0.0300,98.00,3,RTK_FIXED,0.0300
1779127724.2783,50.0000,3.4999,30.0000,39.98114998,116.34461567,80.8485,39.98112571,116.34458621,79.9986,3.7847,0.0067,1.5000,0.0300,98.00,3,RTK_FIXED,0.0300
1779127724.2894,35.0004,50.0000,30.0000,39.98102572,116.34458874,80.7147,39.98103161,116.34458651,80.0195,1.2842,0.4469,1.5000,0.0300,98.00,3,RTK_FIXED,0.0300
1779127724.3032,50.0000,14.4999,30.0000,39.98145404,116.34439721,80.6398,39.98144981,116.34441332,80.0393,1.3989,0.0847,1.5000,0.0300,98.00,2,RTK_FLOAT,0.2500
1779127724.3783,50.0000,3.9998,30.0000,39.98112572,116.34455568,81.4322,39.98113000,116.34458576,80.0129,1.4584,0.0486,1.5000,0.0300,98.00,3,RTK_FIXED,0.0300
1779127724.3894,34.5007,50.0000,30.0000,39.98101984,116.34457533,78.4033,39.98103757,116.34458081,80.4522,2.5717,0.6684,1.5000,0.2500,83.33,3,RTK_FIXED,0.0300
1779127724.4033,50.0000,15.0000,30.0000,39.98142724,116.34442953,81.0873,39.98144813,116.34440863,80.0254,3.4209,0.3743,1.5000,0.2500,83.33,2,RTK_FLOAT,0.2500
1779127724.4784,50.0000,4.5004,30.0000,39.98113834,116.34455086,78.4047,39.98113124,116.34458675,80.1357,3.4317,0.4162,1.5000,0.2500,83.33,2,RTK_FLOAT,0.2500
1779127724.4898,33.9985,50.0000,30.0000,39.98105638,116.34459805,81.6020,39.98104051,116.34458597,79.9713,2.5975,0.0343,1.5000,0.0300,98.00,3,RTK_FIXED,0.0300
1779127724.5033,50.0000,15.5002,30.0000,39.98143453,116.34442126,81.0515,39.98144902,116.34439897,79.9784,2.7384,0.0429,1.5000,0.0300,98.00,3,RTK_FIXED,0.0300
1779127724.5783,50.0000,4.9999,30.0000,39.98113749,116.34459677,80.9287,39.98113931,116.34458277,80.0368,1.3827,0.0408,1.5000,0.2500,83.33,2,RTK_FLOAT,0.2500
1779127724.5894,33.5007,50.0000,30.0000,39.98104096,116.34459703,77.5304,39.98104479,116.34458658,80.0619,2.6741,0.0724,1.5000,0.0300,98.00,3,RTK_FIXED,0.0300
1779127724.6033,50.0000,16.0004,30.0000,39.98145099,116.34439041,79.3524,39.98145009,116.34439283,79.9895,4.9940,0.4543,1.5000,0.2500,83.33,2,RTK_FLOAT,0.2500
1779127724.6784,50.0000,5.5004,30.0000,39.98114495,116.34460861,81.7607,39.98114361,116.34458948,79.7019,3.6567,0.4108,1.5000,0.2500,83.33,3,RTK_FIXED,0.0300
1779127724.6895,33.0003,50.0000,30.0000,39.98106158,116.34458146,80.2159,39.98104876,116.34458576,80.0548,1.4296,0.0973,1.5000,0.0300,98.00,3,RTK_FIXED,0.0300
1779127724.7033,50.0000,16.5001,30.0000,39.98144090,116.34438296,79.1972,39.98144902,116.34438739,80.0193,1.2655,0.0502,1.5000,0.0300,98.00,3,RTK_FIXED,0.0300
1779127724.7784,50.0000,6.0004,30.0000,39.98113131,116.34458028,81.3519,39.98114804,116.34458656,79.9989,2.3712,0.0389,1.5000,0.0300,98.00,3,RTK_FIXED,0.0300
1779127724.7895,32.5003,50.0000,30.0000,39.98105990,116.34458787,82.9569,39.98105381,116.34458605,79.9947,3.0349,0.0148,1.5000,0.2500,83.33,3,RTK_FIXED,0.0300
1779127724.8034,50.0000,17.0005,30.0000,39.98142595,116.34436444,80.2006,39.98144916,116.34438120,79.9981,2.9514,0.0159,1.5000,0.0300,98.00,3,RTK_FIXED,0.0300
1779127724.8786,50.0000,6.5012,30.0000,39.98115612,116.34457036,80.2548,39.98115281,116.34458633,80.0118,2.3010,0.2209,1.5000,0.0300,98.00,3,RTK_FIXED,0.0300
1779127724.8894,32.0006,50.0000,30.0000,39.98105522,116.34458140,78.8984,39.98105894,116.34458759,79.9778,1.2264,0.1369,1.5000,0.2500,83.33,2,RTK_FLOAT,0.2500
1779127724.9032,50.0000,17.4997,30.0000,39.98143661,116.34442329,81.7926,39.98144899,116.34437499,80.0457,1.4034,0.4318,1.5000,0.2500,83.33,3,RTK_FIXED,0.0300
1779127724.9783,50.0000,7.0001,30.0000,39.98116758,116.34456260,77.1602,39.98115709,116.34458534,80.0160,4.2535,0.0736,1.5000,0.0300,98.00,3,RTK_FIXED,0.0300
1779127724.9894,31.5007,50.0000,30.0000,39.98105737,116.34461630,76.0296,39.98106302,116.34458668,79.9330,4.7692,0.0814,1.5000,0.0300,98.00,3,RTK_FIXED,0.0300
1779127725.0032,50.0000,17.9999,30.0000,39.98144448,116.34436298,83.5333,39.98144889,116.34436875,79.9764,1.6958,0.3792,1.5000,0.0300,98.00,3,RTK_FIXED,0.0300
1779127725.0785,50.0000,7.5007,30.0000,39.98119029,116.34459315,80.0273,39.98116164,116.34458619,80.0112,1.4947,0.1261,1.5000,0.0300,98.00,3,RTK_FIXED,0.0300
1779127725.0894,31.0005,50.0000,30.0000,39.98109721,116.34457683,79.3221,39.98106835,116.34458422,80.0630,3.4820,0.2084,1.5000,0.2500,83.33,2,RTK_FLOAT,0.2500
1779127725.1032,50.0000,18.5000,30.0000,39.98143817,116.34438598,78.4307,39.98144885,116.34436353,79.9417,2.7678,0.0679,1.5000,0.0300,98.00,3,RTK_FIXED,0.0300
1779127725.1785,50.0000,8.0006,30.0000,39.98116020,116.34461743,80.8149,39.98116629,116.34458588,79.9972,2.7086,0.0221,1.5000,0.0300,98.00,3,RTK_FIXED,0.0300
1779127725.1894,30.5008,50.0000,30.0000,39.98106297,116.34458567,80.8728,39.98107190,116.34458756,79.8025,1.3208,0.2307,1.5000,0.2500,83.33,2,RTK_FLOAT,0.2500
1779127725.2032,50.0000,19.0000,30.0000,39.98144822,116.34435986,77.9998,39.98145042,116.34435326,79.3495,2.0124,0.7606,1.5000,0.2500,83.33,2,RTK_FLOAT,0.2500
1779127725.2784,50.0000,8.5006,30.0000,39.98119317,116.34458487,79.8917,39.98117089,116.34458651,79.9996,2.5084,0.0376,1.5000,0.0300,98.00,3,RTK_FIXED,0.0300
1779127725.2894,30.0007,50.0000,30.0000,39.98107495,116.34456303,79.2008,39.98107640,116.34458597,79.9565,2.1350,0.0470,1.5000,0.0300,98.00,3,RTK_FIXED,0.0300
1779127725.3032,50.0000,19.4997,30.0000,39.98145805,116.34436793,82.8747,39.98144606,116.34434947,79.7514,3.3405,0.4659,1.5000,0.2500,83.33,2,RTK_FLOAT,0.2500
1779127725.3784,50.0000,9.0005,30.0000,39.98118440,116.34459296,78.0572,39.98117572,116.34458588,79.9791,1.8021,0.0693,1.5000,0.0300,98.00,3,RTK_FIXED,0.0300
1779127725.3894,29.5007,50.0000,30.0000,39.98107580,116.34458637,80.6596,39.98108104,116.34458614,79.9973,4.6578,0.4912,1.5000,0.0300,98.00,3,RTK_FIXED,0.0300
1779127725.4032,50.0000,20.0000,30.0000,39.98143443,116.34433525,77.8295,39.98144927,116.34434543,79.9375,2.8663,0.4462,1.5000,0.2500,83.33,2,RTK_FLOAT,0.2500
1779127725.4784,50.0000,9.5006,30.0000,39.98117320,116.34455640,79.1329,39.98118085,116.34458607,79.9510,1.5412,0.1417,1.5000,0.2500,83.33,2,RTK_FLOAT,0.2500
1779127725.4894,29.0008,50.0000,30.0000,39.98107117,116.34457949,81.3362,39.98108502,116.34458659,80.0486,2.1448,0.0707,1.5000,0.0300,98.00,3,RTK_FIXED,0.0300
1779127725.5033,50.0000,20.5002,30.0000,39.98144988,116.34433938,76.7660,39.98145007,116.34433730,80.0968,3.2354,0.2685,1.5000,0.2500,83.33,2,RTK_FLOAT,0.2500
1779127725.5782,50.0000,9.9995,30.0000,39.98118629,116.34456588,81.5336,39.98118380,116.34458676,79.9862,2.3245,0.2280,1.5000,0.2500,83.33,2,RTK_FLOAT,0.2500
1779127725.5893,28.5009,50.0000,30.0000,39.98109694,116.34460419,81.3410,39.98108991,116.34458570,79.9914,2.1886,0.0417,1.5000,0.0300,98.00,3,RTK_FIXED,0.0300
1779127725.6031,50.0000,20.9993,30.0000,39.98146006,116.34437409,79.9665,39.98144914,116.34433429,80.0185,3.6185,0.0227,1.5000,0.2500,83.33,3,RTK_FIXED,0.0300
1779127725.6783,50.0000,10.4998,30.0000,39.98116554,116.34459068,78.9293,39.98118801,116.34458843,79.8720,2.8122,0.2419,1.5000,0.2500,83.33,2,RTK_FLOAT,0.2500
1779127725.6894,28.0008,50.0000,30.0000,39.98108021,116.34461080,78.8028,39.98109520,116.34458679,80.1241,2.9763,0.0617,1.5000,0.2500,83.33,2,RTK_FLOAT,0.2500
1779127725.7032,50.0000,21.4996,30.0000,39.98144341,116.34433111,81.1207,39.98144916,116.34432870,80.0268,1.3128,0.0456,1.5000,0.0300,98.00,3,RTK_FIXED,0.0300
1779127725.7784,50.0000,11.0004,30.0000,39.98118071,116.34461048,82.1525,39.98119324,116.34458556,79.9778,1.4630,0.2033,1.5000,0.2500,83.33,2,RTK_FLOAT,0.2500
1779127725.7895,27.5002,50.0000,30.0000,39.98110150,116.34461100,82.8598,39.98109977,116.34458463,80.2671,3.3227,0.3157,1.5000,0.2500,83.33,2,RTK_FLOAT,0.2500
1779127725.8033,50.0000,22.0001,30.0000,39.98148066,116.34432412,79.4329,39.98144736,116.34432334,79.9121,3.5554,0.2327,1.5000,0.0300,98.00,2,RTK_FLOAT,0.2500
1779127725.8786,50.0000,11.5012,30.0000,39.98121281,116.34457223,79.7341,39.98119747,116.34458611,79.9878,2.0836,0.0223,1.5000,0.0300,98.00,3,RTK_FIXED,0.0300
1779127725.8894,27.0007,50.0000,30.0000,39.98108423,116.34459584,80.1211,39.98110120,116.34458413,80.2341,4.2386,0.3748,1.5000,0.2500,83.33,2,RTK_FLOAT,0.2500
1779127725.9033,50.0000,22.5001,30.0000,39.98145087,116.34431013,79.9047,39.98144725,116.34431868,79.7311,0.5868,0.3880,1.5000,0.2500,83.33,2,RTK_FLOAT,0.2500
1779127725.9784,50.0000,12.0005,30.0000,39.98119453,116.34457732,83.8153,39.98120241,116.34458607,79.9739,3.9800,0.0421,1.5000,0.0300,98.00,3,RTK_FIXED,0.0300
1779127725.9895,26.5001,50.0000,30.0000,39.98109508,116.34457700,81.9517,39.98110916,116.34458802,80.3118,2.5350,0.3810,1.5000,0.2500,83.33,2,RTK_FLOAT,0.2500
1779127726.0032,50.0000,22.9997,30.0000,39.98144536,116.34432914,79.2890,39.98144940,116.34431032,80.0189,3.2095,0.0452,1.5000,0.0300,98.00,3,RTK_FIXED,0.0300
1779127726.0785,50.0000,12.5007,30.0000,39.98121916,116.34459055,81.8566,39.98120660,116.34458607,79.9667,1.9455,0.1753,1.5000,0.2500,83.33,3,RTK_FIXED,0.0300
1779127726.0894,26.0007,50.0000,30.0000,39.98110726,116.34459677,83.1817,39.98110811,116.34458685,79.7494,3.3549,0.5320,1.5000,0.2500,83.33,2,RTK_FLOAT,0.2500
1779127726.1033,50.0000,23.5002,30.0000,39.98145577,116.34431942,80.6296,39.98144945,116.34430411,79.9324,1.5778,0.0963,1.5000,0.0300,98.00,3,RTK_FIXED,0.0300
1779127726.1784,50.0000,13.0005,30.0000,39.98121245,116.34460403,81.2532,39.98121139,116.34458622,80.0005,1.9787,0.0317,1.5000,0.0300,98.00,3,RTK_FIXED,0.0300
1779127726.1896,25.4996,50.0000,30.0000,39.98111697,116.34458300,79.6773,39.98111636,116.34458631,79.9759,2.9133,0.0466,1.5000,0.0300,98.00,3,RTK_FIXED,0.0300
1779127726.2033,50.0000,24.0001,30.0000,39.98146613,116.34430946,78.9167,39.98144920,116.34429973,80.0126,2.3556,0.0686,1.5000,0.0300,98.00,3,RTK_FIXED,0.0300
1779127726.2784,50.0000,13.5005,30.0000,39.98120511,116.34456710,81.1763,39.98121562,116.34458623,80.0072,1.6338,0.6016,1.5000,0.0300,98.00,3,RTK_FIXED,0.0300
1779127726.2894,25.0008,50.0000,30.0000,39.98112146,116.34457093,80.0169,39.98112106,116.34458622,80.0478,1.7028,0.0461,1.5000,0.2500,83.33,2,RTK_FLOAT,0.2500
1779127726.3034,50.0000,24.5007,30.0000,39.98145101,116.34429249,78.2816,39.98144906,116.34429279,80.0462,1.1680,0.3441,1.5000,0.0300,98.00,3,RTK_FIXED,0.0300
1779127726.3784,50.0000,14.0004,30.0000,39.98122790,116.34458882,83.2788,39.98122048,116.34458651,80.0467,3.3995,0.3035,1.5000,0.0300,98.00,3,RTK_FIXED,0.0300
1779127726.3894,24.5004,50.0000,30.0000,39.98109817,116.34457247,79.9486,39.98112575,116.34458621,79.9696,3.3589,0.2621,1.5000,0.2500,83.33,2,RTK_FLOAT,0.2500
1779127726.4033,50.0000,25.0004,30.0000,39.98145330,116.34429943,80.6979,39.98144961,116.34428717,79.9693,2.4446,0.0262,1.5000,0.0300,98.00,3,RTK_FIXED,0.0300
1779127726.4783,50.0000,14.5000,30.0000,39.98125453,116.34459880,79.2234,39.98122464,116.34458627,80.0050,3.5890,0.0117,1.5000,0.0300,98.00,3,RTK_FIXED,0.0300
1779127726.4895,24.0003,50.0000,30.0000,39.98112912,116.34456794,81.0127,39.98113258,116.34457919,79.7044,1.8599,0.7132,1.5000,0.2500,83.33,2,RTK_FLOAT,0.2500
1779127726.5033,50.0000,25.5001,30.0000,39.98145248,116.34428720,81.6269,39.98144382,116.34428298,79.8038,1.7412,0.6408,1.5000,0.0300,98.00,3,RTK_FIXED,0.0300
1779127726.5782,50.0000,14.9994,30.0000,39.98122644,116.34458860,80.7164,39.98123044,116.34458848,79.9464,0.8011,0.2549,1.5000,0.2500,83.33,2,RTK_FLOAT,0.2500
1779127726.5893,23.5009,50.0000,30.0000,39.98112860,116.34455370,80.6246,39.98113616,116.34458297,80.2271,2.9201,0.3883,1.5000,0.2500,83.33,2,RTK_FLOAT,0.2500
1779127726.6033,50.0000,26.0000,30.0000,39.98140787,116.34427774,78.0829,39.98144793,116.34428104,79.5040,4.9832,0.6979,1.5000,0.2500,83.33,2,RTK_FLOAT,0.2500
1779127726.6784,50.0000,15.5005,30.0000,39.98123374,116.34460789,81.6574,39.98123459,116.34458698,80.0908,2.4861,0.1618,1.5000,0.2500,83.33,2,RTK_FLOAT,0.2500
1779127726.6894,23.0006,50.0000,30.0000,39.98116993,116.34459843,81.4565,39.98113878,116.34458760,80.0059,3.8582,0.5000,1.5000,0.0300,98.00,3,RTK_FIXED,0.0300
1779127726.7032,50.0000,26.5000,30.0000,39.98144341,116.34429079,81.7474,39.98145493,116.34427236,79.8125,2.5918,0.7089,1.5000,0.2500,83.33,2,RTK_FLOAT,0.2500
1779127726.7784,50.0000,16.0004,30.0000,39.98123393,116.34457725,79.2647,39.98123185,116.34458356,79.8913,1.1536,0.7337,1.5000,0.2500,83.33,2,RTK_FLOAT,0.2500
1779127726.7895,22.5003,50.0000,30.0000,39.98113856,116.34460678,79.3384,39.98114663,116.34458621,80.0654,3.0467,0.3293,1.5000,0.2500,83.33,2,RTK_FLOAT,0.2500
1779127726.8032,50.0000,26.9998,30.0000,39.98143965,116.34427286,81.5564,39.98144874,116.34426365,80.0412,2.0351,0.0627,1.5000,0.0300,98.00,3,RTK_FIXED,0.0300
1779127726.8784,50.0000,16.5002,30.0000,39.98122633,116.34459657,79.4674,39.98124260,116.34458619,80.0113,1.8802,0.0449,1.5000,0.0300,98.00,3,RTK_FIXED,0.0300
1779127726.8894,22.0006,50.0000,30.0000,39.98114838,116.34460622,76.4249,39.98114324,116.34458768,80.3675,3.9632,0.6779,1.5000,0.2500,83.33,2,RTK_FLOAT,0.2500
1779127726.9032,50.0000,27.4999,30.0000,39.98146263,116.34426090,78.6468,39.98144899,116.34425779,80.0199,1.6081,0.0296,1.5000,0.0300,98.00,3,RTK_FIXED,0.0300
1779127726.9784,50.0000,17.0006,30.0000,39.98124278,116.34460382,79.8270,39.98124734,116.34458632,80.0145,4.2180,0.3961,1.5000,0.0300,98.00,3,RTK_FIXED,0.0300
1779127726.9895,21.5003,50.0000,30.0000,39.98115700,116.34456074,78.7801,39.98115454,116.34458562,79.7575,3.8086,0.3197,1.5000,0.2500,83.33,3,RTK_FIXED,0.0300
1779127727.0034,50.0000,28.0007,30.0000,39.98145271,116.34424052,79.9942,39.98144918,116.34425239,79.9841,1.0605,0.0324,1.5000,0.0300,98.00,3,RTK_FIXED,0.0300
1779127727.0785,50.0000,17.5010,30.0000,39.98123552,116.34456823,78.8859,39.98125164,116.34458597,79.9953,1.8032,0.5539,1.5000,0.2500,83.33,3,RTK_FIXED,0.0300
1779127727.0894,21.0007,50.0000,30.0000,39.98114361,116.34457472,78.9461,39.98115757,116.34458620,79.9749,3.7936,0.2906,1.5000,0.0300,98.00,3,RTK_FIXED,0.0300
1779127727.1033,50.0000,28.5003,30.0000,39.98143331,116.34427026,81.6789,39.98144920,116.34424644,80.0458,3.1846,0.0506,1.5000,0.0300,98.00,3,RTK_FIXED,0.0300
1779127727.1784,50.0000,18.0005,30.0000,39.98126144,116.34458317,80.1856,39.98125614,116.34458619,80.0014,0.6805,0.0139,1.5000,0.0300,98.00,3,RTK_FIXED,0.0300
1779127727.1893,20.5010,50.0000,30.0000,39.98115267,116.34459436,79.0421,39.98116160,116.34458593,80.0304,1.5543,0.0381,1.5000,0.0300,98.00,3,RTK_FIXED,0.0300
1779127727.2033,50.0000,29.0004,30.0000,39.98144219,116.34421339,81.0261,39.98144554,116.34423854,80.1671,2.6346,0.4618,1.5000,0.2500,83.33,2,RTK_FLOAT,0.2500
1779127727.2784,50.0000,18.5005,30.0000,39.98125942,116.34458620,80.1406,39.98125679,116.34458824,80.0772,0.1860,0.0539,1.5000,0.0300,98.00,2,RTK_FLOAT,0.2500
1779127727.2895,20.0000,50.0000,30.0000,39.98115056,116.34457056,79.3371,39.98116608,116.34458619,79.9797,2.2887,0.2229,1.5000,0.0300,98.00,3,RTK_FIXED,0.0300
1779127727.3033,50.0000,29.5000,30.0000,39.98144173,116.34425544,80.2222,39.98144944,116.34423466,79.9626,1.6695,0.4969,1.5000,0.0300,98.00,3,RTK_FIXED,0.0300
1779127727.3784,50.0000,19.0005,30.0000,39.98127142,116.34459308,79.0962,39.98126481,116.34458587,79.9896,1.2940,0.0346,1.5000,0.0300,98.00,3,RTK_FIXED,0.0300
1779127727.3894,19.5008,50.0000,30.0000,39.98117755,116.34458060,79.1984,39.98117111,116.34458673,80.0071,1.2053,0.0682,1.5000,0.0300,98.00,3,RTK_FIXED,0.0300
1779127727.4033,50.0000,30.0005,30.0000,39.98145018,116.34422676,81.5871,39.98144948,116.34422907,79.9462,1.0644,0.0198,1.5000,0.0300,98.00,3,RTK_FIXED,0.0300
1779127727.4784,50.0000,19.5004,30.0000,39.98127043,116.34459237,79.1418,39.98126933,116.34458621,79.9775,1.0135,0.0291,1.5000,0.0300,98.00,3,RTK_FIXED,0.0300
1779127727.4895,19.0002,50.0000,30.0000,39.98116743,116.34458608,78.9005,39.98117520,116.34458629,79.9905,3.1500,0.2484,1.5000,0.0300,98.00,3,RTK_FIXED,0.0300
1779127727.5032,50.0000,30.4996,30.0000,39.98145288,116.34420546,81.4933,39.98144931,116.34422237,80.1428,2.3292,0.0633,1.5000,0.2500,83.33,2,RTK_FLOAT,0.2500
1779127727.5784,50.0000,20.0001,30.0000,39.98126289,116.34460869,79.5790,39.98127410,116.34458566,79.9909,2.2058,0.6676,1.5000,0.0300,98.00,3,RTK_FIXED,0.0300
1779127727.5893,18.5009,50.0000,30.0000,39.98116362,116.34460419,82.3107,39.98117955,116.34458638,79.9864,3.3003,0.0261,1.5000,0.0300,98.00,3,RTK_FIXED,0.0300
1779127727.6033,50.0000,31.0003,30.0000,39.98146180,116.34424967,81.7101,39.98144931,116.34421680,80.0105,3.5674,0.0211,1.5000,0.0300,98.00,3,RTK_FIXED,0.0300
1779127727.6784,50.0000,20.5005,30.0000,39.98126265,116.34456976,80.9458,39.98127829,116.34458613,79.9985,2.7391,0.3958,1.5000,0.0300,98.00,3,RTK_FIXED,0.0300
1779127727.6894,18.0007,50.0000,30.0000,39.98120647,116.34461507,80.6006,39.98118425,116.34458680,79.9727,3.5511,0.0611,1.5000,0.0300,98.00,3,RTK_FIXED,0.0300
1779127727.7031,50.0000,31.4995,30.0000,39.98143135,116.34418795,80.0068,39.98144900,116.34421086,79.9968,2.7936,0.0225,1.5000,0.0300,98.00,3,RTK_FIXED,0.0300
1779127727.7784,50.0000,21.0006,30.0000,39.98127559,116.34460126,78.9269,39.98128321,116.34458600,79.9979,1.8657,0.0312,1.5000,0.0300,98.00,3,RTK_FIXED,0.0300
1779127727.7894,17.5008,50.0000,30.0000,39.98120958,116.34459109,84.2649,39.98119174,116.34458865,79.9994,0.2790,0.4044,1.5000,0.2500,83.33,2,RTK_FLOAT,0.2500
1779127727.8033,50.0000,32.0002,30.0000,39.98144999,116.34421165,81.3384,39.98144921,116.34420503,80.0182,1.4510,0.0225,1.5000,0.0300,98.00,3,RTK_FIXED,0.0300
1779127727.8784,50.0000,21.5006,30.0000,39.98130853,116.34461955,81.8991,39.98128735,116.34458642,80.0218,3.3950,0.3433,1.5000,0.2500,83.33,3,RTK_FIXED,0.0300
1779127727.8895,17.0000,50.0000,30.0000,39.98119036,116.34457259,82.6676,39.98119320,116.34458636,80.0107,2.9246,0.0205,1.5000,0.0300,98.00,3,RTK_FIXED,0.0300
1779127727.9033,50.0000,32.5001,30.0000,39.98142011,116.34419765,78.1034,39.98144891,116.34419951,79.9968,3.7515,0.0334,1.5000,0.0300,98.00,3,RTK_FIXED,0.0300
1779127727.9784,50.0000,22.0006,30.0000,39.98128405,116.34458834,80.0165,39.98129320,116.34459038,79.5721,0.8993,0.5755,1.5000,0.2500,83.33,2,RTK_FLOAT,0.2500
1779127727.9894,16.5004,50.0000,30.0000,39.98122165,116.34458238,79.6793,39.98119780,116.34458589,80.0412,2.7119,0.6750,1.5000,0.0300,98.00,2,RTK_FLOAT,0.2500
1779127728.0033,50.0000,33.0004,30.0000,39.98145347,116.34417844,79.8985,39.98144878,116.34419331,79.9839,1.3592,0.0607,1.5000,0.0300,98.00,3,RTK_FIXED,0.0300
1779127728.0782,50.0000,22.4996,30.0000,39.98129841,116.34459047,79.7375,39.98129450,116.34458923,79.5945,0.5012,0.5287,1.5000,0.0300,98.00,3,RTK_FIXED,0.0300
1779127728.0893,16.0009,50.0000,30.0000,39.98121062,116.34459697,80.7204,39.98120140,116.34458736,80.1969,1.5050,0.2357,1.5000,0.0300,98.00,3,RTK_FIXED,0.0300
1779127728.1032,50.0000,33.4997,30.0000,39.98144259,116.34418678,79.5322,39.98144924,116.34418746,80.0283,0.6723,0.0315,1.5000,0.0300,98.00,3,RTK_FIXED,0.0300
1779127728.1783,50.0000,22.9999,30.0000,39.98130845,116.34460836,79.5759,39.98130099,116.34458612,80.0285,2.5643,0.0219,1.5000,0.0300,98.00,3,RTK_FIXED,0.0300
1779127728.1893,15.5009,50.0000,30.0000,39.98119997,116.34457899,78.1120,39.98120690,116.34458633,79.9947,2.1180,0.0351,1.5000,0.0300,98.00,3,RTK_FIXED,0.0300
1779127728.2032,50.0000,33.9998,30.0000,39.98147183,116.34420508,81.7004,39.98144913,116.34418230,79.9588,1.8033,0.0181,1.5000,0.0300,98.00,3,RTK_FIXED,0.0300
1779127728.2784,50.0000,23.5004,30.0000,39.98128808,116.34459807,79.5440,39.98130568,116.34458651,80.0251,2.2281,0.0480,1.5000,0.0300,98.00,3,RTK_FIXED,0.0300
1779127728.2894,15.0007,50.0000,30.0000,39.98120609,116.34460412,77.4422,39.98121128,116.34458608,80.0240,3.0330,0.0316,1.5000,0.0300,98.00,3,RTK_FIXED,0.0300
1779127728.3033,50.0000,34.5001,30.0000,39.98143611,116.34416660,78.6972,39.98144930,116.34417618,79.9596,2.0822,0.2868,1.5000,0.2500,83.33,2,RTK_FLOAT,0.2500
1779127728.3784,50.0000,24.0005,30.0000,39.98130860,116.34458701,79.5046,39.98130976,116.34458593,79.9833,0.5217,0.0316,1.5000,0.0300,98.00,3,RTK_FIXED,0.0300
1779127728.3893,14.5011,50.0000,30.0000,39.98121559,116.34459857,84.7503,39.98121838,116.34458376,80.0717,2.7312,0.3784,1.5000,0.2500,83.33,2,RTK_FLOAT,0.2500
1779127728.4032,50.0000,35.0000,30.0000,39.98146315,116.34413635,79.1843,39.98144896,116.34417414,80.0512,3.3663,0.3572,1.5000,0.2500,83.33,2,RTK_FLOAT,0.2500
1779127728.4784,50.0000,24.5006,30.0000,39.98130232,116.34460690,78.5107,39.98131627,116.34458559,79.6673,2.6754,0.3948,1.5000,0.2500,83.33,2,RTK_FLOAT,0.2500
1779127728.4896,13.9998,50.0000,30.0000,39.98121815,116.34460151,82.2662,39.98122032,116.34458628,79.9779,2.6261,0.0351,1.5000,0.0300,98.00,3,RTK_FIXED,0.0300
1779127728.5032,50.0000,35.5000,30.0000,39.98146169,116.34416399,78.8432,39.98144762,116.34416898,79.8292,1.8127,0.4797,1.5000,0.2500,83.33,2,RTK_FLOAT,0.2500
1779127728.5783,50.0000,24.9999,30.0000,39.98133277,116.34459912,80.3197,39.98131897,116.34458638,79.9789,1.5427,0.0513,1.5000,0.0300,98.00,3,RTK_FIXED,0.0300
1779127728.5895,13.5004,50.0000,30.0000,39.98124433,116.34460143,81.0880,39.98122429,116.34458563,79.9896,2.7772,0.0564,1.5000,0.0300,98.00,3,RTK_FIXED,0.0300
1779127728.6032,50.0000,35.9999,30.0000,39.98144098,116.34418287,81.5879,39.98145065,116.34415764,79.8537,2.5395,0.2277,1.5000,0.2500,83.33,2,RTK_FLOAT,0.2500
1779127728.6784,50.0000,25.5004,30.0000,39.98132221,116.34459652,78.5459,39.98132664,116.34458336,79.9609,1.7063,0.4355,1.5000,0.0300,98.00,3,RTK_FIXED,0.0300
1779127728.6894,13.0009,50.0000,30.0000,39.98122290,116.34458467,80.9731,39.98122939,116.34458609,79.9884,1.1981,0.0375,1.5000,0.0300,98.00,3,RTK_FIXED,0.0300
1779127728.7033,50.0000,36.5004,30.0000,39.98143801,116.34417504,79.9689,39.98144976,116.34415070,79.7624,2.2942,0.2871,1.5000,0.2500,83.33,2,RTK_FLOAT,0.2500
1779127728.7784,50.0000,26.0004,30.0000,39.98133395,116.34458300,78.4875,39.98132711,116.34458412,79.6428,1.6780,0.4071,1.5000,0.2500,83.33,2,RTK_FLOAT,0.2500
1779127728.7893,12.5009,50.0000,30.0000,39.98122579,116.34456497,77.1618,39.98123349,116.34458602,80.0227,3.4745,0.0652,1.5000,0.0300,98.00,3,RTK_FIXED,0.0300
1779127728.8033,50.0000,37.0003,30.0000,39.98144742,116.34412672,79.7611,39.98144913,116.34414684,80.0290,1.7190,0.0380,1.5000,0.2500,83.33,3,RTK_FIXED,0.0300
1779127728.8784,50.0000,26.5003,30.0000,39.98134775,116.34457837,78.5315,39.98133210,116.34458617,79.9943,3.6297,0.0400,1.5000,0.0300,98.00,3,RTK_FIXED,0.0300
1779127728.8894,12.0006,50.0000,30.0000,39.98123357,116.34457172,78.8870,39.98123851,116.34458619,79.9861,1.6714,0.0529,1.5000,0.0300,98.00,3,RTK_FIXED,0.0300
1779127728.9033,50.0000,37.5003,30.0000,39.98142614,116.34414491,77.8539,39.98144932,116.34414133,79.9936,3.3618,0.0579,1.5000,0.0300,98.00,3,RTK_FIXED,0.0300
1779127728.9784,50.0000,27.0005,30.0000,39.98134973,116.34461077,80.7429,39.98133698,116.34458622,79.9741,2.6468,0.0288,1.5000,0.0300,98.00,3,RTK_FIXED,0.0300
1779127728.9893,11.5010,50.0000,30.0000,39.98124050,116.34459967,78.7244,39.98124221,116.34458648,79.9846,2.4507,0.0365,1.5000,0.0300,98.00,3,RTK_FIXED,0.0300
1779127729.0032,50.0000,38.0000,30.0000,39.98145034,116.34415095,80.9872,39.98144907,116.34413531,79.9698,4.3577,0.0215,1.5000,0.0300,98.00,3,RTK_FIXED,0.0300
1779127729.0784,50.0000,27.5004,30.0000,39.98134691,116.34459534,78.9710,39.98134097,116.34458667,80.0029,4.0024,0.0690,1.5000,0.0300,98.00,3,RTK_FIXED,0.0300
1779127729.0895,11.0003,50.0000,30.0000,39.98124437,116.34457961,80.9205,39.98124665,116.34458535,80.0476,2.2702,0.0651,1.5000,0.0300,98.00,3,RTK_FIXED,0.0300
1779127729.1033,50.0000,38.5001,30.0000,39.98143554,116.34415263,80.4853,39.98144965,116.34412890,79.9621,3.6082,0.0507,1.5000,0.0300,98.00,3,RTK_FIXED,0.0300
1779127729.1784,50.0000,28.0004,30.0000,39.98132831,116.34456560,82.5911,39.98134584,116.34458601,79.9879,3.6886,0.0184,1.5000,0.0300,98.00,3,RTK_FIXED,0.0300
1779127729.1893,10.5010,50.0000,30.0000,39.98123027,116.34458141,79.0073,39.98125128,116.34458598,79.9741,3.9658,0.0527,1.5000,0.0300,98.00,3,RTK_FIXED,0.0300
1779127729.2033,50.0000,39.0001,30.0000,39.98142522,116.34410849,81.5293,39.98144944,116.34412352,79.9859,3.3158,0.0489,1.5000,0.0300,98.00,3,RTK_FIXED,0.0300
1779127729.2784,50.0000,28.5004,30.0000,39.98134023,116.34457578,77.8042,39.98135011,116.34458619,80.0177,2.6219,0.0317,1.5000,0.0300,98.00,3,RTK_FIXED,0.0300
1779127729.2894,10.0004,50.0000,30.0000,39.98123989,116.34460514,80.9581,39.98125622,116.34458628,80.0262,2.6009,0.0359,1.5000,0.0300,98.00,3,RTK_FIXED,0.0300
1779127729.3032,50.0000,39.4996,30.0000,39.98142737,116.34410503,79.1997,39.98144901,116.34411755,79.9792,2.7583,0.0375,1.5000,0.0300,98.00,3,RTK_FIXED,0.0300
1779127729.3783,50.0000,28.9997,30.0000,39.98136867,116.34460034,79.8953,39.98135509,116.34458644,80.0173,3.9887,0.0409,1.5000,0.0300,98.00,3,RTK_FIXED,0.0300
1779127729.3893,9.5010,50.0000,30.0000,39.98125503,116.34459600,79.5669,39.98126072,116.34458609,79.9588,1.1239,0.0480,1.5000,0.0300,98.00,3,RTK_FIXED,0.0300
1779127729.4033,50.0000,40.0003,30.0000,39.98145589,116.34410338,81.9703,39.98144929,116.34411115,80.0320,2.3347,0.0431,1.5000,0.0300,98.00,3,RTK_FIXED,0.0300
1779127729.4784,50.0000,29.5003,30.0000,39.98136625,116.34458985,79.7786,39.98135917,116.34458615,79.9865,0.5945,0.0220,1.5000,0.0300,98.00,3,RTK_FIXED,0.0300
1779127729.4894,9.0008,50.0000,30.0000,39.98125297,116.34458549,82.1376,39.98126519,116.34458627,79.9798,2.5234,0.0305,1.5000,0.0300,98.00,3,RTK_FIXED,0.0300
1779127729.5033,50.0000,40.5004,30.0000,39.98144705,116.34413506,81.5286,39.98144920,116.34410531,80.0167,1.2631,0.0358,1.5000,0.0300,98.00,3,RTK_FIXED,0.0300
1779127729.5783,50.0000,29.9999,30.0000,39.98135059,116.34460154,78.7167,39.98136428,116.34458621,79.9425,2.3529,0.0774,1.5000,0.0300,98.00,3,RTK_FIXED,0.0300
